ISO-10303-21;
HEADER;
/* Generated by software containing ST-Developer
 * from STEP Tools, Inc. (www.steptools.com) 
 */
/* OPTION: using custom renumber hook */

FILE_DESCRIPTION(
/* description */ ('STEP AP242 Edition 2',
'CAx-IF Rec.Pracs.---Representation and Presentation of Product Manufa
cturing Information (PMI)---4.0---2014-10-13',
'CAx-IF Rec.Pracs.---3D Tessellated Geometry---0.4---2014-09-14','2;1',
'CAx-IF Rec.Pracs.---User Defined Attributes---1.5---2016-08-15'),
/* implementation_level */ '2;1');

FILE_NAME(
/* name */ '6aa56cddcef9f604c2e3ae98',
/* time_stamp */ '2026-09-12T15:16:46Z',
/* author */ (''),
/* organization */ (''),
/* preprocessor_version */ 'ST-DEVELOPER v20',
/* originating_system */ 'ONSHAPE BY PTC INC, 1.220',
/* authorisation */ '  ');

FILE_SCHEMA (('AP242_MANAGED_MODEL_BASED_3D_ENGINEERING_MIM_LF { 1 0 10303 442 3 1 4 }'));
ENDSEC;

DATA;
#10=CONTEXT_DEPENDENT_SHAPE_REPRESENTATION(#20,#2490);
#11=CONTEXT_DEPENDENT_SHAPE_REPRESENTATION(#21,#2492);
#12=CONTEXT_DEPENDENT_SHAPE_REPRESENTATION(#22,#2494);
#13=CONTEXT_DEPENDENT_SHAPE_REPRESENTATION(#23,#2496);
#14=CONTEXT_DEPENDENT_SHAPE_REPRESENTATION(#24,#2498);
#15=NEXT_ASSEMBLY_USAGE_OCCURRENCE('NAUO1','Part 78','Part 78',#2499,#2500,
'');
#16=NEXT_ASSEMBLY_USAGE_OCCURRENCE('NAUO2','Part 79','Part 79',#2499,#2501,
'');
#17=NEXT_ASSEMBLY_USAGE_OCCURRENCE('NAUO3','Part 81','Part 81',#2499,#2502,
'');
#18=NEXT_ASSEMBLY_USAGE_OCCURRENCE('NAUO4','Part 82','Part 82',#2499,#2503,
'');
#19=NEXT_ASSEMBLY_USAGE_OCCURRENCE('NAUO5','Part 80','Part 80',#2499,#2504,
'');
#20=(
REPRESENTATION_RELATIONSHIP(' ',' ',#1447,#1446)
REPRESENTATION_RELATIONSHIP_WITH_TRANSFORMATION(#25)
SHAPE_REPRESENTATION_RELATIONSHIP()
);
#21=(
REPRESENTATION_RELATIONSHIP(' ',' ',#1448,#1446)
REPRESENTATION_RELATIONSHIP_WITH_TRANSFORMATION(#26)
SHAPE_REPRESENTATION_RELATIONSHIP()
);
#22=(
REPRESENTATION_RELATIONSHIP(' ',' ',#1449,#1446)
REPRESENTATION_RELATIONSHIP_WITH_TRANSFORMATION(#27)
SHAPE_REPRESENTATION_RELATIONSHIP()
);
#23=(
REPRESENTATION_RELATIONSHIP(' ',' ',#1450,#1446)
REPRESENTATION_RELATIONSHIP_WITH_TRANSFORMATION(#28)
SHAPE_REPRESENTATION_RELATIONSHIP()
);
#24=(
REPRESENTATION_RELATIONSHIP(' ',' ',#1451,#1446)
REPRESENTATION_RELATIONSHIP_WITH_TRANSFORMATION(#29)
SHAPE_REPRESENTATION_RELATIONSHIP()
);
#25=ITEM_DEFINED_TRANSFORMATION(' ',' ',#1452,#1542);
#26=ITEM_DEFINED_TRANSFORMATION(' ',' ',#1452,#1577);
#27=ITEM_DEFINED_TRANSFORMATION(' ',' ',#1452,#1587);
#28=ITEM_DEFINED_TRANSFORMATION(' ',' ',#1452,#1610);
#29=ITEM_DEFINED_TRANSFORMATION(' ',' ',#1452,#1620);
#30=SHAPE_REPRESENTATION_RELATIONSHIP('','',#1447,#35);
#31=SHAPE_REPRESENTATION_RELATIONSHIP('','',#1448,#36);
#32=SHAPE_REPRESENTATION_RELATIONSHIP('','',#1449,#37);
#33=SHAPE_REPRESENTATION_RELATIONSHIP('','',#1450,#38);
#34=SHAPE_REPRESENTATION_RELATIONSHIP('','',#1451,#39);
#35=ADVANCED_BREP_SHAPE_REPRESENTATION('',(#1435),#2474);
#36=ADVANCED_BREP_SHAPE_REPRESENTATION('',(#1436),#2475);
#37=ADVANCED_BREP_SHAPE_REPRESENTATION('',(#1437),#2476);
#38=ADVANCED_BREP_SHAPE_REPRESENTATION('',(#1438),#2477);
#39=ADVANCED_BREP_SHAPE_REPRESENTATION('',(#1439),#2478);
#40=B_SPLINE_CURVE_WITH_KNOTS('',3,(#2247,#2248,#2249,#2250,#2251),
 .UNSPECIFIED.,.F.,.F.,(4,1,4),(0.,0.00169737554930875,0.0033947510986175),
 .UNSPECIFIED.);
#41=B_SPLINE_CURVE_WITH_KNOTS('',3,(#2261,#2262,#2263,#2264,#2265),
 .UNSPECIFIED.,.F.,.F.,(4,1,4),(0.,0.00169892862353344,0.00339785724706687),
 .UNSPECIFIED.);
#42=B_SPLINE_CURVE_WITH_KNOTS('',3,(#2273,#2274,#2275,#2276,#2277),
 .UNSPECIFIED.,.F.,.F.,(4,1,4),(0.,0.00169892862353344,0.00339785724706687),
 .UNSPECIFIED.);
#43=B_SPLINE_CURVE_WITH_KNOTS('',3,(#2283,#2284,#2285,#2286,#2287),
 .UNSPECIFIED.,.F.,.F.,(4,1,4),(0.,0.00169737554930876,0.00339475109861751),
 .UNSPECIFIED.);
#44=TOROIDAL_SURFACE('',#1517,0.0185363456392283,0.00217279);
#45=TOROIDAL_SURFACE('',#1518,0.00552720983944622,0.00217279);
#46=TOROIDAL_SURFACE('',#1524,0.00552659514252124,0.00217279);
#47=TOROIDAL_SURFACE('',#1526,0.00558106037722899,0.00217279);
#48=TOROIDAL_SURFACE('',#1531,0.00552720983944622,0.00217279);
#49=TOROIDAL_SURFACE('',#1533,0.00558106037722899,0.00217279);
#50=TOROIDAL_SURFACE('',#1538,0.0185363456392283,0.00217279);
#51=TOROIDAL_SURFACE('',#1539,0.00552659514252124,0.00217279);
#52=CYLINDRICAL_SURFACE('',#1465,0.00769938514252124);
#53=CYLINDRICAL_SURFACE('',#1469,0.0207091356392283);
#54=CYLINDRICAL_SURFACE('',#1472,0.00769999983944622);
#55=CYLINDRICAL_SURFACE('',#1476,0.0180091356392282);
#56=CYLINDRICAL_SURFACE('',#1478,0.00505385037722901);
#57=CYLINDRICAL_SURFACE('',#1481,0.004999999678834);
#58=CYLINDRICAL_SURFACE('',#1483,0.00499938514252123);
#59=CYLINDRICAL_SURFACE('',#1486,0.017492390983301);
#60=CYLINDRICAL_SURFACE('',#1490,0.004999999678834);
#61=CYLINDRICAL_SURFACE('',#1492,0.00775385037722899);
#62=CYLINDRICAL_SURFACE('',#1502,0.004999999678834);
#63=CYLINDRICAL_SURFACE('',#1511,0.00204695107080363);
#64=CYLINDRICAL_SURFACE('',#1513,0.00194372759027813);
#65=CYLINDRICAL_SURFACE('',#1514,0.00217279);
#66=CYLINDRICAL_SURFACE('',#1520,0.00217279);
#67=CYLINDRICAL_SURFACE('',#1522,0.00217279);
#68=CYLINDRICAL_SURFACE('',#1527,0.00217279);
#69=CYLINDRICAL_SURFACE('',#1528,0.00217279);
#70=CYLINDRICAL_SURFACE('',#1534,0.00217279);
#71=CYLINDRICAL_SURFACE('',#1536,0.00217279);
#72=CYLINDRICAL_SURFACE('',#1541,0.00217279);
#73=CYLINDRICAL_SURFACE('',#1544,0.00499191916084095);
#74=CYLINDRICAL_SURFACE('',#1548,0.0172394660233212);
#75=CYLINDRICAL_SURFACE('',#1552,0.00502128311544309);
#76=CYLINDRICAL_SURFACE('',#1560,0.0155779108653731);
#77=CYLINDRICAL_SURFACE('',#1563,0.00307053354943279);
#78=CYLINDRICAL_SURFACE('',#1566,0.00285523179366937);
#79=CYLINDRICAL_SURFACE('',#1569,0.00269044407469293);
#80=CYLINDRICAL_SURFACE('',#1572,0.00504032545868093);
#81=CYLINDRICAL_SURFACE('',#1578,0.00592061663956325);
#82=CYLINDRICAL_SURFACE('',#1584,0.0028281780303174);
#83=CYLINDRICAL_SURFACE('',#1589,0.00217279220613579);
#84=CYLINDRICAL_SURFACE('',#1593,0.00217279220613583);
#85=CYLINDRICAL_SURFACE('',#1597,0.00217279220613578);
#86=CYLINDRICAL_SURFACE('',#1601,0.00217279220613579);
#87=CYLINDRICAL_SURFACE('',#1607,0.00260862410440571);
#88=CYLINDRICAL_SURFACE('',#1611,0.00421230004589615);
#89=CYLINDRICAL_SURFACE('',#1617,0.0027584737122702);
#90=CIRCLE('',#1454,0.00204695107080363);
#91=CIRCLE('',#1455,0.00194372759027813);
#92=CIRCLE('',#1457,0.00204695107080363);
#93=CIRCLE('',#1458,0.00194372759027813);
#94=CIRCLE('',#1460,0.004999999678834);
#95=CIRCLE('',#1461,0.004999999678834);
#96=CIRCLE('',#1462,0.0180091356392282);
#97=CIRCLE('',#1463,0.004999999678834);
#98=CIRCLE('',#1466,0.00769938514252124);
#99=CIRCLE('',#1467,0.00769938514252124);
#100=CIRCLE('',#1470,0.0207091356392283);
#101=CIRCLE('',#1471,0.0207091356392283);
#102=CIRCLE('',#1473,0.00769999983944622);
#103=CIRCLE('',#1474,0.00769999983944622);
#104=CIRCLE('',#1477,0.0180091356392282);
#105=CIRCLE('',#1479,0.00505385037722901);
#106=CIRCLE('',#1480,0.00505385037722901);
#107=CIRCLE('',#1482,0.004999999678834);
#108=CIRCLE('',#1484,0.00499938514252123);
#109=CIRCLE('',#1485,0.00499938514252123);
#110=CIRCLE('',#1487,0.017492390983301);
#111=CIRCLE('',#1488,0.017492390983301);
#112=CIRCLE('',#1491,0.004999999678834);
#113=CIRCLE('',#1493,0.00775385037722899);
#114=CIRCLE('',#1494,0.00775385037722899);
#115=CIRCLE('',#1496,0.00552659514252124);
#116=CIRCLE('',#1497,0.0185363456392283);
#117=CIRCLE('',#1498,0.00552720983944622);
#118=CIRCLE('',#1499,0.00558106037722899);
#119=CIRCLE('',#1503,0.004999999678834);
#120=CIRCLE('',#1506,0.00552659514252124);
#121=CIRCLE('',#1507,0.00558106037722899);
#122=CIRCLE('',#1508,0.00552720983944622);
#123=CIRCLE('',#1509,0.0185363456392283);
#124=CIRCLE('',#1515,0.00217279);
#125=CIRCLE('',#1516,0.00217279);
#126=CIRCLE('',#1519,0.00217279);
#127=CIRCLE('',#1521,0.00217279);
#128=CIRCLE('',#1523,0.00217279);
#129=CIRCLE('',#1525,0.00217279);
#130=CIRCLE('',#1529,0.00217279);
#131=CIRCLE('',#1530,0.00217279);
#132=CIRCLE('',#1532,0.00217279);
#133=CIRCLE('',#1535,0.00217279);
#134=CIRCLE('',#1537,0.00217279);
#135=CIRCLE('',#1540,0.00217279);
#136=CIRCLE('',#1545,0.00499191916084095);
#137=CIRCLE('',#1546,0.00499191916084095);
#138=CIRCLE('',#1549,0.0172394660233212);
#139=CIRCLE('',#1550,0.0172394660233212);
#140=CIRCLE('',#1553,0.00502128311544309);
#141=CIRCLE('',#1554,0.00502128311544309);
#142=CIRCLE('',#1561,0.0155779108653731);
#143=CIRCLE('',#1562,0.0155779108653731);
#144=CIRCLE('',#1564,0.00307053354943279);
#145=CIRCLE('',#1565,0.00307053354943279);
#146=CIRCLE('',#1567,0.00285523179366937);
#147=CIRCLE('',#1568,0.00285523179366937);
#148=CIRCLE('',#1570,0.00269044407469293);
#149=CIRCLE('',#1571,0.00269044407469293);
#150=CIRCLE('',#1573,0.00504032545868093);
#151=CIRCLE('',#1574,0.00504032545868093);
#152=CIRCLE('',#1579,0.00592061663956325);
#153=CIRCLE('',#1580,0.00592061663956325);
#154=CIRCLE('',#1583,0.0028281780303174);
#155=CIRCLE('',#1585,0.0028281780303174);
#156=CIRCLE('',#1590,0.00217279220613579);
#157=CIRCLE('',#1591,0.00217279220613579);
#158=CIRCLE('',#1594,0.00217279220613583);
#159=CIRCLE('',#1595,0.00217279220613583);
#160=CIRCLE('',#1598,0.00217279220613578);
#161=CIRCLE('',#1599,0.00217279220613578);
#162=CIRCLE('',#1602,0.00217279220613579);
#163=CIRCLE('',#1603,0.00217279220613579);
#164=CIRCLE('',#1606,0.00260862410440571);
#165=CIRCLE('',#1608,0.00260862410440571);
#166=CIRCLE('',#1612,0.00421230004589615);
#167=CIRCLE('',#1613,0.00421230004589615);
#168=CIRCLE('',#1616,0.0027584737122702);
#169=CIRCLE('',#1618,0.0027584737122702);
#170=ORIENTED_EDGE('',*,*,#540,.F.);
#171=ORIENTED_EDGE('',*,*,#541,.T.);
#172=ORIENTED_EDGE('',*,*,#542,.T.);
#173=ORIENTED_EDGE('',*,*,#543,.T.);
#174=ORIENTED_EDGE('',*,*,#544,.F.);
#175=ORIENTED_EDGE('',*,*,#545,.T.);
#176=ORIENTED_EDGE('',*,*,#546,.F.);
#177=ORIENTED_EDGE('',*,*,#547,.F.);
#178=ORIENTED_EDGE('',*,*,#548,.T.);
#179=ORIENTED_EDGE('',*,*,#549,.F.);
#180=ORIENTED_EDGE('',*,*,#550,.F.);
#181=ORIENTED_EDGE('',*,*,#551,.T.);
#182=ORIENTED_EDGE('',*,*,#552,.F.);
#183=ORIENTED_EDGE('',*,*,#553,.T.);
#184=ORIENTED_EDGE('',*,*,#554,.T.);
#185=ORIENTED_EDGE('',*,*,#555,.T.);
#186=ORIENTED_EDGE('',*,*,#556,.F.);
#187=ORIENTED_EDGE('',*,*,#557,.F.);
#188=ORIENTED_EDGE('',*,*,#558,.F.);
#189=ORIENTED_EDGE('',*,*,#559,.F.);
#190=ORIENTED_EDGE('',*,*,#560,.F.);
#191=ORIENTED_EDGE('',*,*,#548,.F.);
#192=ORIENTED_EDGE('',*,*,#561,.F.);
#193=ORIENTED_EDGE('',*,*,#562,.F.);
#194=ORIENTED_EDGE('',*,*,#563,.F.);
#195=ORIENTED_EDGE('',*,*,#564,.F.);
#196=ORIENTED_EDGE('',*,*,#565,.T.);
#197=ORIENTED_EDGE('',*,*,#566,.T.);
#198=ORIENTED_EDGE('',*,*,#567,.T.);
#199=ORIENTED_EDGE('',*,*,#568,.F.);
#200=ORIENTED_EDGE('',*,*,#569,.T.);
#201=ORIENTED_EDGE('',*,*,#564,.T.);
#202=ORIENTED_EDGE('',*,*,#570,.T.);
#203=ORIENTED_EDGE('',*,*,#571,.F.);
#204=ORIENTED_EDGE('',*,*,#572,.T.);
#205=ORIENTED_EDGE('',*,*,#568,.T.);
#206=ORIENTED_EDGE('',*,*,#573,.T.);
#207=ORIENTED_EDGE('',*,*,#542,.F.);
#208=ORIENTED_EDGE('',*,*,#574,.T.);
#209=ORIENTED_EDGE('',*,*,#571,.T.);
#210=ORIENTED_EDGE('',*,*,#575,.T.);
#211=ORIENTED_EDGE('',*,*,#576,.F.);
#212=ORIENTED_EDGE('',*,*,#577,.T.);
#213=ORIENTED_EDGE('',*,*,#540,.T.);
#214=ORIENTED_EDGE('',*,*,#578,.T.);
#215=ORIENTED_EDGE('',*,*,#579,.F.);
#216=ORIENTED_EDGE('',*,*,#580,.T.);
#217=ORIENTED_EDGE('',*,*,#576,.T.);
#218=ORIENTED_EDGE('',*,*,#581,.T.);
#219=ORIENTED_EDGE('',*,*,#561,.T.);
#220=ORIENTED_EDGE('',*,*,#582,.F.);
#221=ORIENTED_EDGE('',*,*,#583,.F.);
#222=ORIENTED_EDGE('',*,*,#584,.T.);
#223=ORIENTED_EDGE('',*,*,#585,.T.);
#224=ORIENTED_EDGE('',*,*,#586,.F.);
#225=ORIENTED_EDGE('',*,*,#587,.F.);
#226=ORIENTED_EDGE('',*,*,#588,.T.);
#227=ORIENTED_EDGE('',*,*,#589,.F.);
#228=ORIENTED_EDGE('',*,*,#590,.T.);
#229=ORIENTED_EDGE('',*,*,#558,.T.);
#230=ORIENTED_EDGE('',*,*,#591,.F.);
#231=ORIENTED_EDGE('',*,*,#592,.F.);
#232=ORIENTED_EDGE('',*,*,#589,.T.);
#233=ORIENTED_EDGE('',*,*,#593,.T.);
#234=ORIENTED_EDGE('',*,*,#594,.F.);
#235=ORIENTED_EDGE('',*,*,#595,.F.);
#236=ORIENTED_EDGE('',*,*,#596,.T.);
#237=ORIENTED_EDGE('',*,*,#597,.F.);
#238=ORIENTED_EDGE('',*,*,#598,.T.);
#239=ORIENTED_EDGE('',*,*,#582,.T.);
#240=ORIENTED_EDGE('',*,*,#551,.F.);
#241=ORIENTED_EDGE('',*,*,#599,.F.);
#242=ORIENTED_EDGE('',*,*,#600,.T.);
#243=ORIENTED_EDGE('',*,*,#584,.F.);
#244=ORIENTED_EDGE('',*,*,#601,.T.);
#245=ORIENTED_EDGE('',*,*,#557,.T.);
#246=ORIENTED_EDGE('',*,*,#585,.F.);
#247=ORIENTED_EDGE('',*,*,#602,.F.);
#248=ORIENTED_EDGE('',*,*,#591,.T.);
#249=ORIENTED_EDGE('',*,*,#563,.T.);
#250=ORIENTED_EDGE('',*,*,#593,.F.);
#251=ORIENTED_EDGE('',*,*,#603,.F.);
#252=ORIENTED_EDGE('',*,*,#597,.T.);
#253=ORIENTED_EDGE('',*,*,#566,.F.);
#254=ORIENTED_EDGE('',*,*,#604,.T.);
#255=ORIENTED_EDGE('',*,*,#579,.T.);
#256=ORIENTED_EDGE('',*,*,#605,.T.);
#257=ORIENTED_EDGE('',*,*,#606,.T.);
#258=ORIENTED_EDGE('',*,*,#607,.T.);
#259=ORIENTED_EDGE('',*,*,#608,.T.);
#260=ORIENTED_EDGE('',*,*,#609,.T.);
#261=ORIENTED_EDGE('',*,*,#610,.T.);
#262=ORIENTED_EDGE('',*,*,#611,.T.);
#263=ORIENTED_EDGE('',*,*,#612,.T.);
#264=ORIENTED_EDGE('',*,*,#613,.T.);
#265=ORIENTED_EDGE('',*,*,#598,.F.);
#266=ORIENTED_EDGE('',*,*,#603,.T.);
#267=ORIENTED_EDGE('',*,*,#590,.F.);
#268=ORIENTED_EDGE('',*,*,#592,.T.);
#269=ORIENTED_EDGE('',*,*,#602,.T.);
#270=ORIENTED_EDGE('',*,*,#583,.T.);
#271=ORIENTED_EDGE('',*,*,#601,.F.);
#272=ORIENTED_EDGE('',*,*,#556,.T.);
#273=ORIENTED_EDGE('',*,*,#596,.F.);
#274=ORIENTED_EDGE('',*,*,#614,.F.);
#275=ORIENTED_EDGE('',*,*,#586,.T.);
#276=ORIENTED_EDGE('',*,*,#559,.T.);
#277=ORIENTED_EDGE('',*,*,#588,.F.);
#278=ORIENTED_EDGE('',*,*,#615,.F.);
#279=ORIENTED_EDGE('',*,*,#616,.T.);
#280=ORIENTED_EDGE('',*,*,#560,.T.);
#281=ORIENTED_EDGE('',*,*,#616,.F.);
#282=ORIENTED_EDGE('',*,*,#617,.F.);
#283=ORIENTED_EDGE('',*,*,#549,.T.);
#284=ORIENTED_EDGE('',*,*,#562,.T.);
#285=ORIENTED_EDGE('',*,*,#600,.F.);
#286=ORIENTED_EDGE('',*,*,#618,.F.);
#287=ORIENTED_EDGE('',*,*,#594,.T.);
#288=ORIENTED_EDGE('',*,*,#619,.T.);
#289=ORIENTED_EDGE('',*,*,#620,.T.);
#290=ORIENTED_EDGE('',*,*,#621,.T.);
#291=ORIENTED_EDGE('',*,*,#622,.T.);
#292=ORIENTED_EDGE('',*,*,#623,.T.);
#293=ORIENTED_EDGE('',*,*,#624,.T.);
#294=ORIENTED_EDGE('',*,*,#625,.T.);
#295=ORIENTED_EDGE('',*,*,#626,.T.);
#296=ORIENTED_EDGE('',*,*,#595,.T.);
#297=ORIENTED_EDGE('',*,*,#618,.T.);
#298=ORIENTED_EDGE('',*,*,#599,.T.);
#299=ORIENTED_EDGE('',*,*,#550,.T.);
#300=ORIENTED_EDGE('',*,*,#617,.T.);
#301=ORIENTED_EDGE('',*,*,#615,.T.);
#302=ORIENTED_EDGE('',*,*,#587,.T.);
#303=ORIENTED_EDGE('',*,*,#614,.T.);
#304=ORIENTED_EDGE('',*,*,#552,.T.);
#305=ORIENTED_EDGE('',*,*,#627,.T.);
#306=ORIENTED_EDGE('',*,*,#545,.F.);
#307=ORIENTED_EDGE('',*,*,#628,.F.);
#308=ORIENTED_EDGE('',*,*,#628,.T.);
#309=ORIENTED_EDGE('',*,*,#544,.T.);
#310=ORIENTED_EDGE('',*,*,#629,.F.);
#311=ORIENTED_EDGE('',*,*,#553,.F.);
#312=ORIENTED_EDGE('',*,*,#629,.T.);
#313=ORIENTED_EDGE('',*,*,#547,.T.);
#314=ORIENTED_EDGE('',*,*,#630,.F.);
#315=ORIENTED_EDGE('',*,*,#554,.F.);
#316=ORIENTED_EDGE('',*,*,#630,.T.);
#317=ORIENTED_EDGE('',*,*,#546,.T.);
#318=ORIENTED_EDGE('',*,*,#627,.F.);
#319=ORIENTED_EDGE('',*,*,#555,.F.);
#320=ORIENTED_EDGE('',*,*,#631,.F.);
#321=ORIENTED_EDGE('',*,*,#543,.F.);
#322=ORIENTED_EDGE('',*,*,#632,.F.);
#323=ORIENTED_EDGE('',*,*,#624,.F.);
#324=ORIENTED_EDGE('',*,*,#632,.T.);
#325=ORIENTED_EDGE('',*,*,#575,.F.);
#326=ORIENTED_EDGE('',*,*,#633,.F.);
#327=ORIENTED_EDGE('',*,*,#625,.F.);
#328=ORIENTED_EDGE('',*,*,#631,.T.);
#329=ORIENTED_EDGE('',*,*,#623,.F.);
#330=ORIENTED_EDGE('',*,*,#634,.F.);
#331=ORIENTED_EDGE('',*,*,#578,.F.);
#332=ORIENTED_EDGE('',*,*,#633,.T.);
#333=ORIENTED_EDGE('',*,*,#573,.F.);
#334=ORIENTED_EDGE('',*,*,#635,.F.);
#335=ORIENTED_EDGE('',*,*,#626,.F.);
#336=ORIENTED_EDGE('',*,*,#634,.T.);
#337=ORIENTED_EDGE('',*,*,#622,.F.);
#338=ORIENTED_EDGE('',*,*,#636,.F.);
#339=ORIENTED_EDGE('',*,*,#581,.F.);
#340=ORIENTED_EDGE('',*,*,#635,.T.);
#341=ORIENTED_EDGE('',*,*,#570,.F.);
#342=ORIENTED_EDGE('',*,*,#637,.F.);
#343=ORIENTED_EDGE('',*,*,#619,.F.);
#344=ORIENTED_EDGE('',*,*,#636,.T.);
#345=ORIENTED_EDGE('',*,*,#621,.F.);
#346=ORIENTED_EDGE('',*,*,#638,.F.);
#347=ORIENTED_EDGE('',*,*,#605,.F.);
#348=ORIENTED_EDGE('',*,*,#637,.T.);
#349=ORIENTED_EDGE('',*,*,#567,.F.);
#350=ORIENTED_EDGE('',*,*,#638,.T.);
#351=ORIENTED_EDGE('',*,*,#620,.F.);
#352=ORIENTED_EDGE('',*,*,#639,.F.);
#353=ORIENTED_EDGE('',*,*,#611,.F.);
#354=ORIENTED_EDGE('',*,*,#640,.F.);
#355=ORIENTED_EDGE('',*,*,#580,.F.);
#356=ORIENTED_EDGE('',*,*,#640,.T.);
#357=ORIENTED_EDGE('',*,*,#610,.F.);
#358=ORIENTED_EDGE('',*,*,#641,.F.);
#359=ORIENTED_EDGE('',*,*,#577,.F.);
#360=ORIENTED_EDGE('',*,*,#639,.T.);
#361=ORIENTED_EDGE('',*,*,#604,.F.);
#362=ORIENTED_EDGE('',*,*,#642,.F.);
#363=ORIENTED_EDGE('',*,*,#612,.F.);
#364=ORIENTED_EDGE('',*,*,#641,.T.);
#365=ORIENTED_EDGE('',*,*,#609,.F.);
#366=ORIENTED_EDGE('',*,*,#643,.F.);
#367=ORIENTED_EDGE('',*,*,#541,.F.);
#368=ORIENTED_EDGE('',*,*,#642,.T.);
#369=ORIENTED_EDGE('',*,*,#565,.F.);
#370=ORIENTED_EDGE('',*,*,#644,.F.);
#371=ORIENTED_EDGE('',*,*,#613,.F.);
#372=ORIENTED_EDGE('',*,*,#643,.T.);
#373=ORIENTED_EDGE('',*,*,#608,.F.);
#374=ORIENTED_EDGE('',*,*,#645,.F.);
#375=ORIENTED_EDGE('',*,*,#574,.F.);
#376=ORIENTED_EDGE('',*,*,#644,.T.);
#377=ORIENTED_EDGE('',*,*,#569,.F.);
#378=ORIENTED_EDGE('',*,*,#646,.F.);
#379=ORIENTED_EDGE('',*,*,#606,.F.);
#380=ORIENTED_EDGE('',*,*,#645,.T.);
#381=ORIENTED_EDGE('',*,*,#607,.F.);
#382=ORIENTED_EDGE('',*,*,#646,.T.);
#383=ORIENTED_EDGE('',*,*,#572,.F.);
#384=ORIENTED_EDGE('',*,*,#647,.T.);
#385=ORIENTED_EDGE('',*,*,#648,.F.);
#386=ORIENTED_EDGE('',*,*,#649,.F.);
#387=ORIENTED_EDGE('',*,*,#650,.T.);
#388=ORIENTED_EDGE('',*,*,#651,.T.);
#389=ORIENTED_EDGE('',*,*,#652,.F.);
#390=ORIENTED_EDGE('',*,*,#653,.F.);
#391=ORIENTED_EDGE('',*,*,#648,.T.);
#392=ORIENTED_EDGE('',*,*,#654,.T.);
#393=ORIENTED_EDGE('',*,*,#655,.F.);
#394=ORIENTED_EDGE('',*,*,#656,.F.);
#395=ORIENTED_EDGE('',*,*,#652,.T.);
#396=ORIENTED_EDGE('',*,*,#657,.T.);
#397=ORIENTED_EDGE('',*,*,#658,.F.);
#398=ORIENTED_EDGE('',*,*,#659,.F.);
#399=ORIENTED_EDGE('',*,*,#655,.T.);
#400=ORIENTED_EDGE('',*,*,#660,.T.);
#401=ORIENTED_EDGE('',*,*,#661,.F.);
#402=ORIENTED_EDGE('',*,*,#662,.F.);
#403=ORIENTED_EDGE('',*,*,#658,.T.);
#404=ORIENTED_EDGE('',*,*,#663,.T.);
#405=ORIENTED_EDGE('',*,*,#664,.F.);
#406=ORIENTED_EDGE('',*,*,#665,.F.);
#407=ORIENTED_EDGE('',*,*,#661,.T.);
#408=ORIENTED_EDGE('',*,*,#666,.T.);
#409=ORIENTED_EDGE('',*,*,#667,.F.);
#410=ORIENTED_EDGE('',*,*,#668,.F.);
#411=ORIENTED_EDGE('',*,*,#664,.T.);
#412=ORIENTED_EDGE('',*,*,#669,.F.);
#413=ORIENTED_EDGE('',*,*,#670,.F.);
#414=ORIENTED_EDGE('',*,*,#671,.T.);
#415=ORIENTED_EDGE('',*,*,#672,.T.);
#416=ORIENTED_EDGE('',*,*,#673,.T.);
#417=ORIENTED_EDGE('',*,*,#674,.F.);
#418=ORIENTED_EDGE('',*,*,#675,.F.);
#419=ORIENTED_EDGE('',*,*,#670,.T.);
#420=ORIENTED_EDGE('',*,*,#676,.T.);
#421=ORIENTED_EDGE('',*,*,#677,.F.);
#422=ORIENTED_EDGE('',*,*,#678,.F.);
#423=ORIENTED_EDGE('',*,*,#674,.T.);
#424=ORIENTED_EDGE('',*,*,#679,.F.);
#425=ORIENTED_EDGE('',*,*,#672,.F.);
#426=ORIENTED_EDGE('',*,*,#680,.T.);
#427=ORIENTED_EDGE('',*,*,#677,.T.);
#428=ORIENTED_EDGE('',*,*,#681,.T.);
#429=ORIENTED_EDGE('',*,*,#682,.F.);
#430=ORIENTED_EDGE('',*,*,#683,.T.);
#431=ORIENTED_EDGE('',*,*,#684,.F.);
#432=ORIENTED_EDGE('',*,*,#685,.T.);
#433=ORIENTED_EDGE('',*,*,#686,.F.);
#434=ORIENTED_EDGE('',*,*,#687,.T.);
#435=ORIENTED_EDGE('',*,*,#688,.F.);
#436=ORIENTED_EDGE('',*,*,#689,.T.);
#437=ORIENTED_EDGE('',*,*,#650,.F.);
#438=ORIENTED_EDGE('',*,*,#690,.F.);
#439=ORIENTED_EDGE('',*,*,#667,.T.);
#440=ORIENTED_EDGE('',*,*,#687,.F.);
#441=ORIENTED_EDGE('',*,*,#685,.F.);
#442=ORIENTED_EDGE('',*,*,#683,.F.);
#443=ORIENTED_EDGE('',*,*,#681,.F.);
#444=ORIENTED_EDGE('',*,*,#671,.F.);
#445=ORIENTED_EDGE('',*,*,#675,.T.);
#446=ORIENTED_EDGE('',*,*,#678,.T.);
#447=ORIENTED_EDGE('',*,*,#680,.F.);
#448=ORIENTED_EDGE('',*,*,#649,.T.);
#449=ORIENTED_EDGE('',*,*,#653,.T.);
#450=ORIENTED_EDGE('',*,*,#656,.T.);
#451=ORIENTED_EDGE('',*,*,#659,.T.);
#452=ORIENTED_EDGE('',*,*,#662,.T.);
#453=ORIENTED_EDGE('',*,*,#665,.T.);
#454=ORIENTED_EDGE('',*,*,#668,.T.);
#455=ORIENTED_EDGE('',*,*,#690,.T.);
#456=ORIENTED_EDGE('',*,*,#688,.T.);
#457=ORIENTED_EDGE('',*,*,#686,.T.);
#458=ORIENTED_EDGE('',*,*,#684,.T.);
#459=ORIENTED_EDGE('',*,*,#682,.T.);
#460=ORIENTED_EDGE('',*,*,#669,.T.);
#461=ORIENTED_EDGE('',*,*,#679,.T.);
#462=ORIENTED_EDGE('',*,*,#676,.F.);
#463=ORIENTED_EDGE('',*,*,#673,.F.);
#464=ORIENTED_EDGE('',*,*,#647,.F.);
#465=ORIENTED_EDGE('',*,*,#689,.F.);
#466=ORIENTED_EDGE('',*,*,#666,.F.);
#467=ORIENTED_EDGE('',*,*,#663,.F.);
#468=ORIENTED_EDGE('',*,*,#660,.F.);
#469=ORIENTED_EDGE('',*,*,#657,.F.);
#470=ORIENTED_EDGE('',*,*,#654,.F.);
#471=ORIENTED_EDGE('',*,*,#651,.F.);
#472=ORIENTED_EDGE('',*,*,#691,.F.);
#473=ORIENTED_EDGE('',*,*,#692,.T.);
#474=ORIENTED_EDGE('',*,*,#691,.T.);
#475=ORIENTED_EDGE('',*,*,#693,.T.);
#476=ORIENTED_EDGE('',*,*,#692,.F.);
#477=ORIENTED_EDGE('',*,*,#694,.T.);
#478=ORIENTED_EDGE('',*,*,#693,.F.);
#479=ORIENTED_EDGE('',*,*,#694,.F.);
#480=ORIENTED_EDGE('',*,*,#695,.F.);
#481=ORIENTED_EDGE('',*,*,#696,.F.);
#482=ORIENTED_EDGE('',*,*,#697,.T.);
#483=ORIENTED_EDGE('',*,*,#698,.T.);
#484=ORIENTED_EDGE('',*,*,#699,.T.);
#485=ORIENTED_EDGE('',*,*,#700,.F.);
#486=ORIENTED_EDGE('',*,*,#701,.F.);
#487=ORIENTED_EDGE('',*,*,#696,.T.);
#488=ORIENTED_EDGE('',*,*,#702,.T.);
#489=ORIENTED_EDGE('',*,*,#703,.F.);
#490=ORIENTED_EDGE('',*,*,#704,.F.);
#491=ORIENTED_EDGE('',*,*,#700,.T.);
#492=ORIENTED_EDGE('',*,*,#705,.T.);
#493=ORIENTED_EDGE('',*,*,#706,.F.);
#494=ORIENTED_EDGE('',*,*,#707,.F.);
#495=ORIENTED_EDGE('',*,*,#703,.T.);
#496=ORIENTED_EDGE('',*,*,#708,.T.);
#497=ORIENTED_EDGE('',*,*,#709,.F.);
#498=ORIENTED_EDGE('',*,*,#710,.F.);
#499=ORIENTED_EDGE('',*,*,#706,.T.);
#500=ORIENTED_EDGE('',*,*,#711,.T.);
#501=ORIENTED_EDGE('',*,*,#712,.F.);
#502=ORIENTED_EDGE('',*,*,#713,.F.);
#503=ORIENTED_EDGE('',*,*,#709,.T.);
#504=ORIENTED_EDGE('',*,*,#714,.F.);
#505=ORIENTED_EDGE('',*,*,#715,.F.);
#506=ORIENTED_EDGE('',*,*,#716,.T.);
#507=ORIENTED_EDGE('',*,*,#712,.T.);
#508=ORIENTED_EDGE('',*,*,#717,.T.);
#509=ORIENTED_EDGE('',*,*,#698,.F.);
#510=ORIENTED_EDGE('',*,*,#718,.F.);
#511=ORIENTED_EDGE('',*,*,#715,.T.);
#512=ORIENTED_EDGE('',*,*,#697,.F.);
#513=ORIENTED_EDGE('',*,*,#701,.T.);
#514=ORIENTED_EDGE('',*,*,#704,.T.);
#515=ORIENTED_EDGE('',*,*,#707,.T.);
#516=ORIENTED_EDGE('',*,*,#710,.T.);
#517=ORIENTED_EDGE('',*,*,#713,.T.);
#518=ORIENTED_EDGE('',*,*,#716,.F.);
#519=ORIENTED_EDGE('',*,*,#718,.T.);
#520=ORIENTED_EDGE('',*,*,#719,.T.);
#521=ORIENTED_EDGE('',*,*,#695,.T.);
#522=ORIENTED_EDGE('',*,*,#717,.F.);
#523=ORIENTED_EDGE('',*,*,#714,.T.);
#524=ORIENTED_EDGE('',*,*,#711,.F.);
#525=ORIENTED_EDGE('',*,*,#708,.F.);
#526=ORIENTED_EDGE('',*,*,#705,.F.);
#527=ORIENTED_EDGE('',*,*,#702,.F.);
#528=ORIENTED_EDGE('',*,*,#699,.F.);
#529=ORIENTED_EDGE('',*,*,#720,.T.);
#530=ORIENTED_EDGE('',*,*,#719,.F.);
#531=ORIENTED_EDGE('',*,*,#720,.F.);
#532=ORIENTED_EDGE('',*,*,#721,.F.);
#533=ORIENTED_EDGE('',*,*,#722,.T.);
#534=ORIENTED_EDGE('',*,*,#721,.T.);
#535=ORIENTED_EDGE('',*,*,#723,.T.);
#536=ORIENTED_EDGE('',*,*,#722,.F.);
#537=ORIENTED_EDGE('',*,*,#724,.T.);
#538=ORIENTED_EDGE('',*,*,#723,.F.);
#539=ORIENTED_EDGE('',*,*,#724,.F.);
#540=EDGE_CURVE('',#725,#726,#847,.T.);
#541=EDGE_CURVE('',#725,#727,#848,.T.);
#542=EDGE_CURVE('',#727,#728,#849,.T.);
#543=EDGE_CURVE('',#728,#726,#850,.F.);
#544=EDGE_CURVE('',#729,#730,#90,.T.);
#545=EDGE_CURVE('',#729,#731,#851,.T.);
#546=EDGE_CURVE('',#732,#731,#91,.T.);
#547=EDGE_CURVE('',#730,#732,#852,.T.);
#548=EDGE_CURVE('',#733,#734,#853,.F.);
#549=EDGE_CURVE('',#735,#734,#854,.T.);
#550=EDGE_CURVE('',#736,#735,#855,.F.);
#551=EDGE_CURVE('',#736,#733,#856,.T.);
#552=EDGE_CURVE('',#737,#738,#857,.T.);
#553=EDGE_CURVE('',#737,#739,#92,.T.);
#554=EDGE_CURVE('',#739,#740,#858,.T.);
#555=EDGE_CURVE('',#740,#738,#93,.T.);
#556=EDGE_CURVE('',#741,#742,#859,.T.);
#557=EDGE_CURVE('',#743,#741,#860,.T.);
#558=EDGE_CURVE('',#744,#743,#94,.T.);
#559=EDGE_CURVE('',#745,#744,#861,.T.);
#560=EDGE_CURVE('',#734,#745,#95,.T.);
#561=EDGE_CURVE('',#746,#733,#96,.T.);
#562=EDGE_CURVE('',#747,#746,#862,.T.);
#563=EDGE_CURVE('',#742,#747,#97,.T.);
#564=EDGE_CURVE('',#748,#749,#863,.T.);
#565=EDGE_CURVE('',#748,#750,#864,.T.);
#566=EDGE_CURVE('',#750,#751,#865,.T.);
#567=EDGE_CURVE('',#751,#749,#866,.F.);
#568=EDGE_CURVE('',#752,#753,#867,.T.);
#569=EDGE_CURVE('',#752,#748,#98,.F.);
#570=EDGE_CURVE('',#749,#753,#99,.T.);
#571=EDGE_CURVE('',#754,#755,#868,.T.);
#572=EDGE_CURVE('',#754,#752,#869,.T.);
#573=EDGE_CURVE('',#753,#755,#870,.F.);
#574=EDGE_CURVE('',#727,#754,#100,.F.);
#575=EDGE_CURVE('',#755,#728,#101,.T.);
#576=EDGE_CURVE('',#756,#757,#871,.T.);
#577=EDGE_CURVE('',#756,#725,#102,.F.);
#578=EDGE_CURVE('',#726,#757,#103,.T.);
#579=EDGE_CURVE('',#758,#759,#872,.T.);
#580=EDGE_CURVE('',#758,#756,#873,.F.);
#581=EDGE_CURVE('',#757,#759,#874,.T.);
#582=EDGE_CURVE('',#760,#733,#875,.T.);
#583=EDGE_CURVE('',#761,#760,#104,.T.);
#584=EDGE_CURVE('',#761,#746,#876,.T.);
#585=EDGE_CURVE('',#762,#741,#877,.T.);
#586=EDGE_CURVE('',#763,#741,#878,.T.);
#587=EDGE_CURVE('',#764,#763,#105,.T.);
#588=EDGE_CURVE('',#764,#744,#879,.T.);
#589=EDGE_CURVE('',#765,#744,#880,.T.);
#590=EDGE_CURVE('',#765,#762,#106,.T.);
#591=EDGE_CURVE('',#766,#743,#881,.T.);
#592=EDGE_CURVE('',#765,#766,#107,.T.);
#593=EDGE_CURVE('',#767,#747,#882,.T.);
#594=EDGE_CURVE('',#768,#747,#883,.T.);
#595=EDGE_CURVE('',#769,#768,#108,.T.);
#596=EDGE_CURVE('',#769,#742,#884,.T.);
#597=EDGE_CURVE('',#770,#742,#885,.T.);
#598=EDGE_CURVE('',#770,#767,#109,.T.);
#599=EDGE_CURVE('',#771,#736,#110,.T.);
#600=EDGE_CURVE('',#771,#746,#886,.T.);
#601=EDGE_CURVE('',#761,#760,#111,.T.);
#602=EDGE_CURVE('',#766,#762,#887,.T.);
#603=EDGE_CURVE('',#770,#767,#112,.T.);
#604=EDGE_CURVE('',#750,#758,#113,.F.);
#605=EDGE_CURVE('',#759,#751,#114,.T.);
#606=EDGE_CURVE('',#772,#773,#115,.T.);
#607=EDGE_CURVE('',#773,#774,#888,.F.);
#608=EDGE_CURVE('',#774,#775,#116,.T.);
#609=EDGE_CURVE('',#775,#776,#889,.F.);
#610=EDGE_CURVE('',#776,#777,#117,.T.);
#611=EDGE_CURVE('',#777,#778,#890,.T.);
#612=EDGE_CURVE('',#778,#779,#118,.T.);
#613=EDGE_CURVE('',#779,#772,#891,.F.);
#614=EDGE_CURVE('',#763,#769,#892,.T.);
#615=EDGE_CURVE('',#780,#764,#893,.T.);
#616=EDGE_CURVE('',#780,#745,#894,.T.);
#617=EDGE_CURVE('',#735,#780,#119,.T.);
#618=EDGE_CURVE('',#768,#771,#895,.T.);
#619=EDGE_CURVE('',#781,#782,#120,.F.);
#620=EDGE_CURVE('',#782,#783,#896,.T.);
#621=EDGE_CURVE('',#783,#784,#121,.F.);
#622=EDGE_CURVE('',#784,#785,#897,.F.);
#623=EDGE_CURVE('',#785,#786,#122,.F.);
#624=EDGE_CURVE('',#786,#787,#898,.T.);
#625=EDGE_CURVE('',#787,#788,#123,.F.);
#626=EDGE_CURVE('',#788,#781,#899,.T.);
#627=EDGE_CURVE('',#738,#731,#900,.T.);
#628=EDGE_CURVE('',#737,#729,#901,.T.);
#629=EDGE_CURVE('',#739,#730,#902,.T.);
#630=EDGE_CURVE('',#740,#732,#903,.T.);
#631=EDGE_CURVE('',#726,#786,#124,.T.);
#632=EDGE_CURVE('',#787,#728,#125,.T.);
#633=EDGE_CURVE('',#788,#755,#40,.F.);
#634=EDGE_CURVE('',#757,#785,#126,.T.);
#635=EDGE_CURVE('',#781,#753,#127,.T.);
#636=EDGE_CURVE('',#759,#784,#128,.T.);
#637=EDGE_CURVE('',#782,#749,#129,.T.);
#638=EDGE_CURVE('',#751,#783,#41,.T.);
#639=EDGE_CURVE('',#778,#758,#130,.T.);
#640=EDGE_CURVE('',#756,#777,#131,.T.);
#641=EDGE_CURVE('',#725,#776,#132,.T.);
#642=EDGE_CURVE('',#779,#750,#42,.F.);
#643=EDGE_CURVE('',#727,#775,#133,.T.);
#644=EDGE_CURVE('',#772,#748,#134,.T.);
#645=EDGE_CURVE('',#754,#774,#43,.T.);
#646=EDGE_CURVE('',#773,#752,#135,.T.);
#647=EDGE_CURVE('',#789,#790,#904,.T.);
#648=EDGE_CURVE('',#791,#790,#905,.T.);
#649=EDGE_CURVE('',#792,#791,#906,.T.);
#650=EDGE_CURVE('',#792,#789,#907,.T.);
#651=EDGE_CURVE('',#790,#793,#136,.T.);
#652=EDGE_CURVE('',#794,#793,#908,.T.);
#653=EDGE_CURVE('',#791,#794,#137,.T.);
#654=EDGE_CURVE('',#793,#795,#909,.T.);
#655=EDGE_CURVE('',#796,#795,#910,.T.);
#656=EDGE_CURVE('',#794,#796,#911,.T.);
#657=EDGE_CURVE('',#795,#797,#138,.T.);
#658=EDGE_CURVE('',#798,#797,#912,.T.);
#659=EDGE_CURVE('',#796,#798,#139,.T.);
#660=EDGE_CURVE('',#797,#799,#913,.T.);
#661=EDGE_CURVE('',#800,#799,#914,.T.);
#662=EDGE_CURVE('',#798,#800,#915,.T.);
#663=EDGE_CURVE('',#799,#801,#140,.T.);
#664=EDGE_CURVE('',#802,#801,#916,.T.);
#665=EDGE_CURVE('',#800,#802,#141,.T.);
#666=EDGE_CURVE('',#801,#803,#917,.T.);
#667=EDGE_CURVE('',#804,#803,#918,.T.);
#668=EDGE_CURVE('',#802,#804,#919,.T.);
#669=EDGE_CURVE('',#805,#806,#920,.T.);
#670=EDGE_CURVE('',#807,#805,#921,.T.);
#671=EDGE_CURVE('',#807,#808,#922,.T.);
#672=EDGE_CURVE('',#808,#806,#923,.T.);
#673=EDGE_CURVE('',#805,#809,#924,.T.);
#674=EDGE_CURVE('',#810,#809,#925,.T.);
#675=EDGE_CURVE('',#807,#810,#926,.T.);
#676=EDGE_CURVE('',#809,#811,#927,.T.);
#677=EDGE_CURVE('',#812,#811,#928,.T.);
#678=EDGE_CURVE('',#810,#812,#929,.T.);
#679=EDGE_CURVE('',#806,#811,#930,.T.);
#680=EDGE_CURVE('',#808,#812,#931,.T.);
#681=EDGE_CURVE('',#813,#813,#142,.T.);
#682=EDGE_CURVE('',#814,#814,#143,.T.);
#683=EDGE_CURVE('',#815,#815,#144,.T.);
#684=EDGE_CURVE('',#816,#816,#145,.T.);
#685=EDGE_CURVE('',#817,#817,#146,.T.);
#686=EDGE_CURVE('',#818,#818,#147,.T.);
#687=EDGE_CURVE('',#819,#819,#148,.T.);
#688=EDGE_CURVE('',#820,#820,#149,.T.);
#689=EDGE_CURVE('',#803,#789,#150,.T.);
#690=EDGE_CURVE('',#804,#792,#151,.T.);
#691=EDGE_CURVE('',#821,#821,#152,.T.);
#692=EDGE_CURVE('',#822,#822,#153,.T.);
#693=EDGE_CURVE('',#823,#823,#154,.T.);
#694=EDGE_CURVE('',#824,#824,#155,.T.);
#695=EDGE_CURVE('',#825,#826,#932,.T.);
#696=EDGE_CURVE('',#827,#825,#933,.T.);
#697=EDGE_CURVE('',#827,#828,#934,.T.);
#698=EDGE_CURVE('',#828,#826,#935,.T.);
#699=EDGE_CURVE('',#825,#829,#156,.T.);
#700=EDGE_CURVE('',#830,#829,#936,.T.);
#701=EDGE_CURVE('',#827,#830,#157,.T.);
#702=EDGE_CURVE('',#829,#831,#937,.T.);
#703=EDGE_CURVE('',#832,#831,#938,.T.);
#704=EDGE_CURVE('',#830,#832,#939,.T.);
#705=EDGE_CURVE('',#831,#833,#158,.T.);
#706=EDGE_CURVE('',#834,#833,#940,.T.);
#707=EDGE_CURVE('',#832,#834,#159,.T.);
#708=EDGE_CURVE('',#833,#835,#941,.T.);
#709=EDGE_CURVE('',#836,#835,#942,.T.);
#710=EDGE_CURVE('',#834,#836,#943,.T.);
#711=EDGE_CURVE('',#835,#837,#160,.T.);
#712=EDGE_CURVE('',#838,#837,#944,.T.);
#713=EDGE_CURVE('',#836,#838,#161,.T.);
#714=EDGE_CURVE('',#839,#837,#945,.T.);
#715=EDGE_CURVE('',#840,#839,#946,.T.);
#716=EDGE_CURVE('',#840,#838,#947,.T.);
#717=EDGE_CURVE('',#839,#826,#162,.T.);
#718=EDGE_CURVE('',#840,#828,#163,.T.);
#719=EDGE_CURVE('',#841,#841,#164,.T.);
#720=EDGE_CURVE('',#842,#842,#165,.T.);
#721=EDGE_CURVE('',#843,#843,#166,.T.);
#722=EDGE_CURVE('',#844,#844,#167,.T.);
#723=EDGE_CURVE('',#845,#845,#168,.T.);
#724=EDGE_CURVE('',#846,#846,#169,.T.);
#725=VERTEX_POINT('',#2063);
#726=VERTEX_POINT('',#2064);
#727=VERTEX_POINT('',#2066);
#728=VERTEX_POINT('',#2068);
#729=VERTEX_POINT('',#2071);
#730=VERTEX_POINT('',#2072);
#731=VERTEX_POINT('',#2074);
#732=VERTEX_POINT('',#2076);
#733=VERTEX_POINT('',#2080);
#734=VERTEX_POINT('',#2081);
#735=VERTEX_POINT('',#2083);
#736=VERTEX_POINT('',#2085);
#737=VERTEX_POINT('',#2088);
#738=VERTEX_POINT('',#2089);
#739=VERTEX_POINT('',#2091);
#740=VERTEX_POINT('',#2093);
#741=VERTEX_POINT('',#2097);
#742=VERTEX_POINT('',#2098);
#743=VERTEX_POINT('',#2100);
#744=VERTEX_POINT('',#2102);
#745=VERTEX_POINT('',#2104);
#746=VERTEX_POINT('',#2107);
#747=VERTEX_POINT('',#2109);
#748=VERTEX_POINT('',#2113);
#749=VERTEX_POINT('',#2114);
#750=VERTEX_POINT('',#2116);
#751=VERTEX_POINT('',#2118);
#752=VERTEX_POINT('',#2122);
#753=VERTEX_POINT('',#2123);
#754=VERTEX_POINT('',#2128);
#755=VERTEX_POINT('',#2129);
#756=VERTEX_POINT('',#2137);
#757=VERTEX_POINT('',#2138);
#758=VERTEX_POINT('',#2143);
#759=VERTEX_POINT('',#2144);
#760=VERTEX_POINT('',#2149);
#761=VERTEX_POINT('',#2151);
#762=VERTEX_POINT('',#2155);
#763=VERTEX_POINT('',#2157);
#764=VERTEX_POINT('',#2159);
#765=VERTEX_POINT('',#2162);
#766=VERTEX_POINT('',#2166);
#767=VERTEX_POINT('',#2170);
#768=VERTEX_POINT('',#2172);
#769=VERTEX_POINT('',#2174);
#770=VERTEX_POINT('',#2177);
#771=VERTEX_POINT('',#2181);
#772=VERTEX_POINT('',#2193);
#773=VERTEX_POINT('',#2194);
#774=VERTEX_POINT('',#2196);
#775=VERTEX_POINT('',#2198);
#776=VERTEX_POINT('',#2200);
#777=VERTEX_POINT('',#2202);
#778=VERTEX_POINT('',#2204);
#779=VERTEX_POINT('',#2206);
#780=VERTEX_POINT('',#2212);
#781=VERTEX_POINT('',#2220);
#782=VERTEX_POINT('',#2221);
#783=VERTEX_POINT('',#2223);
#784=VERTEX_POINT('',#2225);
#785=VERTEX_POINT('',#2227);
#786=VERTEX_POINT('',#2229);
#787=VERTEX_POINT('',#2231);
#788=VERTEX_POINT('',#2233);
#789=VERTEX_POINT('',#2294);
#790=VERTEX_POINT('',#2295);
#791=VERTEX_POINT('',#2297);
#792=VERTEX_POINT('',#2299);
#793=VERTEX_POINT('',#2303);
#794=VERTEX_POINT('',#2305);
#795=VERTEX_POINT('',#2309);
#796=VERTEX_POINT('',#2311);
#797=VERTEX_POINT('',#2315);
#798=VERTEX_POINT('',#2317);
#799=VERTEX_POINT('',#2321);
#800=VERTEX_POINT('',#2323);
#801=VERTEX_POINT('',#2327);
#802=VERTEX_POINT('',#2329);
#803=VERTEX_POINT('',#2333);
#804=VERTEX_POINT('',#2335);
#805=VERTEX_POINT('',#2339);
#806=VERTEX_POINT('',#2340);
#807=VERTEX_POINT('',#2342);
#808=VERTEX_POINT('',#2344);
#809=VERTEX_POINT('',#2348);
#810=VERTEX_POINT('',#2350);
#811=VERTEX_POINT('',#2354);
#812=VERTEX_POINT('',#2356);
#813=VERTEX_POINT('',#2363);
#814=VERTEX_POINT('',#2365);
#815=VERTEX_POINT('',#2368);
#816=VERTEX_POINT('',#2370);
#817=VERTEX_POINT('',#2373);
#818=VERTEX_POINT('',#2375);
#819=VERTEX_POINT('',#2378);
#820=VERTEX_POINT('',#2380);
#821=VERTEX_POINT('',#2389);
#822=VERTEX_POINT('',#2391);
#823=VERTEX_POINT('',#2395);
#824=VERTEX_POINT('',#2398);
#825=VERTEX_POINT('',#2403);
#826=VERTEX_POINT('',#2404);
#827=VERTEX_POINT('',#2406);
#828=VERTEX_POINT('',#2408);
#829=VERTEX_POINT('',#2412);
#830=VERTEX_POINT('',#2414);
#831=VERTEX_POINT('',#2418);
#832=VERTEX_POINT('',#2420);
#833=VERTEX_POINT('',#2424);
#834=VERTEX_POINT('',#2426);
#835=VERTEX_POINT('',#2430);
#836=VERTEX_POINT('',#2432);
#837=VERTEX_POINT('',#2436);
#838=VERTEX_POINT('',#2438);
#839=VERTEX_POINT('',#2442);
#840=VERTEX_POINT('',#2444);
#841=VERTEX_POINT('',#2452);
#842=VERTEX_POINT('',#2455);
#843=VERTEX_POINT('',#2460);
#844=VERTEX_POINT('',#2462);
#845=VERTEX_POINT('',#2466);
#846=VERTEX_POINT('',#2469);
#847=LINE('',#2062,#948);
#848=LINE('',#2065,#949);
#849=LINE('',#2067,#950);
#850=LINE('',#2069,#951);
#851=LINE('',#2073,#952);
#852=LINE('',#2077,#953);
#853=LINE('',#2079,#954);
#854=LINE('',#2082,#955);
#855=LINE('',#2084,#956);
#856=LINE('',#2086,#957);
#857=LINE('',#2087,#958);
#858=LINE('',#2092,#959);
#859=LINE('',#2096,#960);
#860=LINE('',#2099,#961);
#861=LINE('',#2103,#962);
#862=LINE('',#2108,#963);
#863=LINE('',#2112,#964);
#864=LINE('',#2115,#965);
#865=LINE('',#2117,#966);
#866=LINE('',#2119,#967);
#867=LINE('',#2121,#968);
#868=LINE('',#2127,#969);
#869=LINE('',#2130,#970);
#870=LINE('',#2131,#971);
#871=LINE('',#2136,#972);
#872=LINE('',#2142,#973);
#873=LINE('',#2145,#974);
#874=LINE('',#2146,#975);
#875=LINE('',#2148,#976);
#876=LINE('',#2152,#977);
#877=LINE('',#2154,#978);
#878=LINE('',#2156,#979);
#879=LINE('',#2160,#980);
#880=LINE('',#2161,#981);
#881=LINE('',#2165,#982);
#882=LINE('',#2169,#983);
#883=LINE('',#2171,#984);
#884=LINE('',#2175,#985);
#885=LINE('',#2176,#986);
#886=LINE('',#2182,#987);
#887=LINE('',#2185,#988);
#888=LINE('',#2195,#989);
#889=LINE('',#2199,#990);
#890=LINE('',#2203,#991);
#891=LINE('',#2207,#992);
#892=LINE('',#2209,#993);
#893=LINE('',#2211,#994);
#894=LINE('',#2213,#995);
#895=LINE('',#2217,#996);
#896=LINE('',#2222,#997);
#897=LINE('',#2226,#998);
#898=LINE('',#2230,#999);
#899=LINE('',#2234,#1000);
#900=LINE('',#2236,#1001);
#901=LINE('',#2237,#1002);
#902=LINE('',#2239,#1003);
#903=LINE('',#2241,#1004);
#904=LINE('',#2293,#1005);
#905=LINE('',#2296,#1006);
#906=LINE('',#2298,#1007);
#907=LINE('',#2300,#1008);
#908=LINE('',#2304,#1009);
#909=LINE('',#2308,#1010);
#910=LINE('',#2310,#1011);
#911=LINE('',#2312,#1012);
#912=LINE('',#2316,#1013);
#913=LINE('',#2320,#1014);
#914=LINE('',#2322,#1015);
#915=LINE('',#2324,#1016);
#916=LINE('',#2328,#1017);
#917=LINE('',#2332,#1018);
#918=LINE('',#2334,#1019);
#919=LINE('',#2336,#1020);
#920=LINE('',#2338,#1021);
#921=LINE('',#2341,#1022);
#922=LINE('',#2343,#1023);
#923=LINE('',#2345,#1024);
#924=LINE('',#2347,#1025);
#925=LINE('',#2349,#1026);
#926=LINE('',#2351,#1027);
#927=LINE('',#2353,#1028);
#928=LINE('',#2355,#1029);
#929=LINE('',#2357,#1030);
#930=LINE('',#2359,#1031);
#931=LINE('',#2360,#1032);
#932=LINE('',#2402,#1033);
#933=LINE('',#2405,#1034);
#934=LINE('',#2407,#1035);
#935=LINE('',#2409,#1036);
#936=LINE('',#2413,#1037);
#937=LINE('',#2417,#1038);
#938=LINE('',#2419,#1039);
#939=LINE('',#2421,#1040);
#940=LINE('',#2425,#1041);
#941=LINE('',#2429,#1042);
#942=LINE('',#2431,#1043);
#943=LINE('',#2433,#1044);
#944=LINE('',#2437,#1045);
#945=LINE('',#2441,#1046);
#946=LINE('',#2443,#1047);
#947=LINE('',#2445,#1048);
#948=VECTOR('',#1625,1.);
#949=VECTOR('',#1626,1.);
#950=VECTOR('',#1627,1.);
#951=VECTOR('',#1628,1.);
#952=VECTOR('',#1631,1.);
#953=VECTOR('',#1634,1.);
#954=VECTOR('',#1637,1.);
#955=VECTOR('',#1638,1.);
#956=VECTOR('',#1639,1.);
#957=VECTOR('',#1640,1.);
#958=VECTOR('',#1641,1.);
#959=VECTOR('',#1644,1.);
#960=VECTOR('',#1649,1.);
#961=VECTOR('',#1650,1.);
#962=VECTOR('',#1653,1.);
#963=VECTOR('',#1658,1.);
#964=VECTOR('',#1663,1.);
#965=VECTOR('',#1664,1.);
#966=VECTOR('',#1665,1.);
#967=VECTOR('',#1666,1.);
#968=VECTOR('',#1669,1.);
#969=VECTOR('',#1676,1.);
#970=VECTOR('',#1677,1.);
#971=VECTOR('',#1678,1.);
#972=VECTOR('',#1687,1.);
#973=VECTOR('',#1694,1.);
#974=VECTOR('',#1695,1.);
#975=VECTOR('',#1696,1.);
#976=VECTOR('',#1699,1.);
#977=VECTOR('',#1702,1.);
#978=VECTOR('',#1705,1.);
#979=VECTOR('',#1706,1.);
#980=VECTOR('',#1709,1.);
#981=VECTOR('',#1710,1.);
#982=VECTOR('',#1715,1.);
#983=VECTOR('',#1720,1.);
#984=VECTOR('',#1721,1.);
#985=VECTOR('',#1724,1.);
#986=VECTOR('',#1725,1.);
#987=VECTOR('',#1732,1.);
#988=VECTOR('',#1737,1.);
#989=VECTOR('',#1752,1.);
#990=VECTOR('',#1755,1.);
#991=VECTOR('',#1758,1.);
#992=VECTOR('',#1761,1.);
#993=VECTOR('',#1764,1.);
#994=VECTOR('',#1767,1.);
#995=VECTOR('',#1768,1.);
#996=VECTOR('',#1775,1.);
#997=VECTOR('',#1780,1.);
#998=VECTOR('',#1783,1.);
#999=VECTOR('',#1786,1.);
#1000=VECTOR('',#1789,1.);
#1001=VECTOR('',#1792,1.);
#1002=VECTOR('',#1793,1.);
#1003=VECTOR('',#1796,1.);
#1004=VECTOR('',#1799,1.);
#1005=VECTOR('',#1862,1.);
#1006=VECTOR('',#1863,1.);
#1007=VECTOR('',#1864,1.);
#1008=VECTOR('',#1865,1.);
#1009=VECTOR('',#1870,1.);
#1010=VECTOR('',#1875,1.);
#1011=VECTOR('',#1876,1.);
#1012=VECTOR('',#1877,1.);
#1013=VECTOR('',#1882,1.);
#1014=VECTOR('',#1887,1.);
#1015=VECTOR('',#1888,1.);
#1016=VECTOR('',#1889,1.);
#1017=VECTOR('',#1894,1.);
#1018=VECTOR('',#1899,1.);
#1019=VECTOR('',#1900,1.);
#1020=VECTOR('',#1901,1.);
#1021=VECTOR('',#1904,1.);
#1022=VECTOR('',#1905,1.);
#1023=VECTOR('',#1906,1.);
#1024=VECTOR('',#1907,1.);
#1025=VECTOR('',#1910,1.);
#1026=VECTOR('',#1911,1.);
#1027=VECTOR('',#1912,1.);
#1028=VECTOR('',#1915,1.);
#1029=VECTOR('',#1916,1.);
#1030=VECTOR('',#1917,1.);
#1031=VECTOR('',#1920,1.);
#1032=VECTOR('',#1921,1.);
#1033=VECTOR('',#1980,1.);
#1034=VECTOR('',#1981,1.);
#1035=VECTOR('',#1982,1.);
#1036=VECTOR('',#1983,1.);
#1037=VECTOR('',#1988,1.);
#1038=VECTOR('',#1993,1.);
#1039=VECTOR('',#1994,1.);
#1040=VECTOR('',#1995,1.);
#1041=VECTOR('',#2000,1.);
#1042=VECTOR('',#2005,1.);
#1043=VECTOR('',#2006,1.);
#1044=VECTOR('',#2007,1.);
#1045=VECTOR('',#2012,1.);
#1046=VECTOR('',#2017,1.);
#1047=VECTOR('',#2018,1.);
#1048=VECTOR('',#2019,1.);
#1049=EDGE_LOOP('',(#170,#171,#172,#173));
#1050=EDGE_LOOP('',(#174,#175,#176,#177));
#1051=EDGE_LOOP('',(#178,#179,#180,#181));
#1052=EDGE_LOOP('',(#182,#183,#184,#185));
#1053=EDGE_LOOP('',(#186,#187,#188,#189,#190,#191,#192,#193,#194));
#1054=EDGE_LOOP('',(#195,#196,#197,#198));
#1055=EDGE_LOOP('',(#199,#200,#201,#202));
#1056=EDGE_LOOP('',(#203,#204,#205,#206));
#1057=EDGE_LOOP('',(#207,#208,#209,#210));
#1058=EDGE_LOOP('',(#211,#212,#213,#214));
#1059=EDGE_LOOP('',(#215,#216,#217,#218));
#1060=EDGE_LOOP('',(#219,#220,#221,#222));
#1061=EDGE_LOOP('',(#223,#224,#225,#226,#227,#228));
#1062=EDGE_LOOP('',(#229,#230,#231,#232));
#1063=EDGE_LOOP('',(#233,#234,#235,#236,#237,#238));
#1064=EDGE_LOOP('',(#239,#240,#241,#242,#243,#244));
#1065=EDGE_LOOP('',(#245,#246,#247,#248));
#1066=EDGE_LOOP('',(#249,#250,#251,#252));
#1067=EDGE_LOOP('',(#253,#254,#255,#256));
#1068=EDGE_LOOP('',(#257,#258,#259,#260,#261,#262,#263,#264));
#1069=EDGE_LOOP('',(#265,#266));
#1070=EDGE_LOOP('',(#267,#268,#269));
#1071=EDGE_LOOP('',(#270,#271));
#1072=EDGE_LOOP('',(#272,#273,#274,#275));
#1073=EDGE_LOOP('',(#276,#277,#278,#279));
#1074=EDGE_LOOP('',(#280,#281,#282,#283));
#1075=EDGE_LOOP('',(#284,#285,#286,#287));
#1076=EDGE_LOOP('',(#288,#289,#290,#291,#292,#293,#294,#295));
#1077=EDGE_LOOP('',(#296,#297,#298,#299,#300,#301,#302,#303));
#1078=EDGE_LOOP('',(#304,#305,#306,#307));
#1079=EDGE_LOOP('',(#308,#309,#310,#311));
#1080=EDGE_LOOP('',(#312,#313,#314,#315));
#1081=EDGE_LOOP('',(#316,#317,#318,#319));
#1082=EDGE_LOOP('',(#320,#321,#322,#323));
#1083=EDGE_LOOP('',(#324,#325,#326,#327));
#1084=EDGE_LOOP('',(#328,#329,#330,#331));
#1085=EDGE_LOOP('',(#332,#333,#334,#335));
#1086=EDGE_LOOP('',(#336,#337,#338,#339));
#1087=EDGE_LOOP('',(#340,#341,#342,#343));
#1088=EDGE_LOOP('',(#344,#345,#346,#347));
#1089=EDGE_LOOP('',(#348,#349,#350,#351));
#1090=EDGE_LOOP('',(#352,#353,#354,#355));
#1091=EDGE_LOOP('',(#356,#357,#358,#359));
#1092=EDGE_LOOP('',(#360,#361,#362,#363));
#1093=EDGE_LOOP('',(#364,#365,#366,#367));
#1094=EDGE_LOOP('',(#368,#369,#370,#371));
#1095=EDGE_LOOP('',(#372,#373,#374,#375));
#1096=EDGE_LOOP('',(#376,#377,#378,#379));
#1097=EDGE_LOOP('',(#380,#381,#382,#383));
#1098=EDGE_LOOP('',(#384,#385,#386,#387));
#1099=EDGE_LOOP('',(#388,#389,#390,#391));
#1100=EDGE_LOOP('',(#392,#393,#394,#395));
#1101=EDGE_LOOP('',(#396,#397,#398,#399));
#1102=EDGE_LOOP('',(#400,#401,#402,#403));
#1103=EDGE_LOOP('',(#404,#405,#406,#407));
#1104=EDGE_LOOP('',(#408,#409,#410,#411));
#1105=EDGE_LOOP('',(#412,#413,#414,#415));
#1106=EDGE_LOOP('',(#416,#417,#418,#419));
#1107=EDGE_LOOP('',(#420,#421,#422,#423));
#1108=EDGE_LOOP('',(#424,#425,#426,#427));
#1109=EDGE_LOOP('',(#428));
#1110=EDGE_LOOP('',(#429));
#1111=EDGE_LOOP('',(#430));
#1112=EDGE_LOOP('',(#431));
#1113=EDGE_LOOP('',(#432));
#1114=EDGE_LOOP('',(#433));
#1115=EDGE_LOOP('',(#434));
#1116=EDGE_LOOP('',(#435));
#1117=EDGE_LOOP('',(#436,#437,#438,#439));
#1118=EDGE_LOOP('',(#440));
#1119=EDGE_LOOP('',(#441));
#1120=EDGE_LOOP('',(#442));
#1121=EDGE_LOOP('',(#443));
#1122=EDGE_LOOP('',(#444,#445,#446,#447));
#1123=EDGE_LOOP('',(#448,#449,#450,#451,#452,#453,#454,#455));
#1124=EDGE_LOOP('',(#456));
#1125=EDGE_LOOP('',(#457));
#1126=EDGE_LOOP('',(#458));
#1127=EDGE_LOOP('',(#459));
#1128=EDGE_LOOP('',(#460,#461,#462,#463));
#1129=EDGE_LOOP('',(#464,#465,#466,#467,#468,#469,#470,#471));
#1130=EDGE_LOOP('',(#472));
#1131=EDGE_LOOP('',(#473));
#1132=EDGE_LOOP('',(#474));
#1133=EDGE_LOOP('',(#475));
#1134=EDGE_LOOP('',(#476));
#1135=EDGE_LOOP('',(#477));
#1136=EDGE_LOOP('',(#478));
#1137=EDGE_LOOP('',(#479));
#1138=EDGE_LOOP('',(#480,#481,#482,#483));
#1139=EDGE_LOOP('',(#484,#485,#486,#487));
#1140=EDGE_LOOP('',(#488,#489,#490,#491));
#1141=EDGE_LOOP('',(#492,#493,#494,#495));
#1142=EDGE_LOOP('',(#496,#497,#498,#499));
#1143=EDGE_LOOP('',(#500,#501,#502,#503));
#1144=EDGE_LOOP('',(#504,#505,#506,#507));
#1145=EDGE_LOOP('',(#508,#509,#510,#511));
#1146=EDGE_LOOP('',(#512,#513,#514,#515,#516,#517,#518,#519));
#1147=EDGE_LOOP('',(#520));
#1148=EDGE_LOOP('',(#521,#522,#523,#524,#525,#526,#527,#528));
#1149=EDGE_LOOP('',(#529));
#1150=EDGE_LOOP('',(#530));
#1151=EDGE_LOOP('',(#531));
#1152=EDGE_LOOP('',(#532));
#1153=EDGE_LOOP('',(#533));
#1154=EDGE_LOOP('',(#534));
#1155=EDGE_LOOP('',(#535));
#1156=EDGE_LOOP('',(#536));
#1157=EDGE_LOOP('',(#537));
#1158=EDGE_LOOP('',(#538));
#1159=EDGE_LOOP('',(#539));
#1160=FACE_BOUND('',#1049,.T.);
#1161=FACE_BOUND('',#1050,.T.);
#1162=FACE_BOUND('',#1051,.T.);
#1163=FACE_BOUND('',#1052,.T.);
#1164=FACE_BOUND('',#1053,.T.);
#1165=FACE_BOUND('',#1054,.T.);
#1166=FACE_BOUND('',#1055,.T.);
#1167=FACE_BOUND('',#1056,.T.);
#1168=FACE_BOUND('',#1057,.T.);
#1169=FACE_BOUND('',#1058,.T.);
#1170=FACE_BOUND('',#1059,.T.);
#1171=FACE_BOUND('',#1060,.T.);
#1172=FACE_BOUND('',#1061,.T.);
#1173=FACE_BOUND('',#1062,.T.);
#1174=FACE_BOUND('',#1063,.T.);
#1175=FACE_BOUND('',#1064,.T.);
#1176=FACE_BOUND('',#1065,.T.);
#1177=FACE_BOUND('',#1066,.T.);
#1178=FACE_BOUND('',#1067,.T.);
#1179=FACE_BOUND('',#1068,.T.);
#1180=FACE_BOUND('',#1069,.T.);
#1181=FACE_BOUND('',#1070,.T.);
#1182=FACE_BOUND('',#1071,.T.);
#1183=FACE_BOUND('',#1072,.T.);
#1184=FACE_BOUND('',#1073,.T.);
#1185=FACE_BOUND('',#1074,.T.);
#1186=FACE_BOUND('',#1075,.T.);
#1187=FACE_BOUND('',#1076,.T.);
#1188=FACE_BOUND('',#1077,.T.);
#1189=FACE_BOUND('',#1078,.T.);
#1190=FACE_BOUND('',#1079,.T.);
#1191=FACE_BOUND('',#1080,.T.);
#1192=FACE_BOUND('',#1081,.T.);
#1193=FACE_BOUND('',#1082,.T.);
#1194=FACE_BOUND('',#1083,.T.);
#1195=FACE_BOUND('',#1084,.T.);
#1196=FACE_BOUND('',#1085,.T.);
#1197=FACE_BOUND('',#1086,.T.);
#1198=FACE_BOUND('',#1087,.T.);
#1199=FACE_BOUND('',#1088,.T.);
#1200=FACE_BOUND('',#1089,.T.);
#1201=FACE_BOUND('',#1090,.T.);
#1202=FACE_BOUND('',#1091,.T.);
#1203=FACE_BOUND('',#1092,.T.);
#1204=FACE_BOUND('',#1093,.T.);
#1205=FACE_BOUND('',#1094,.T.);
#1206=FACE_BOUND('',#1095,.T.);
#1207=FACE_BOUND('',#1096,.T.);
#1208=FACE_BOUND('',#1097,.T.);
#1209=FACE_BOUND('',#1098,.T.);
#1210=FACE_BOUND('',#1099,.T.);
#1211=FACE_BOUND('',#1100,.T.);
#1212=FACE_BOUND('',#1101,.T.);
#1213=FACE_BOUND('',#1102,.T.);
#1214=FACE_BOUND('',#1103,.T.);
#1215=FACE_BOUND('',#1104,.T.);
#1216=FACE_BOUND('',#1105,.T.);
#1217=FACE_BOUND('',#1106,.T.);
#1218=FACE_BOUND('',#1107,.T.);
#1219=FACE_BOUND('',#1108,.T.);
#1220=FACE_BOUND('',#1109,.T.);
#1221=FACE_BOUND('',#1110,.T.);
#1222=FACE_BOUND('',#1111,.T.);
#1223=FACE_BOUND('',#1112,.T.);
#1224=FACE_BOUND('',#1113,.T.);
#1225=FACE_BOUND('',#1114,.T.);
#1226=FACE_BOUND('',#1115,.T.);
#1227=FACE_BOUND('',#1116,.T.);
#1228=FACE_BOUND('',#1117,.T.);
#1229=FACE_BOUND('',#1118,.T.);
#1230=FACE_BOUND('',#1119,.T.);
#1231=FACE_BOUND('',#1120,.T.);
#1232=FACE_BOUND('',#1121,.T.);
#1233=FACE_BOUND('',#1122,.T.);
#1234=FACE_BOUND('',#1123,.T.);
#1235=FACE_BOUND('',#1124,.T.);
#1236=FACE_BOUND('',#1125,.T.);
#1237=FACE_BOUND('',#1126,.T.);
#1238=FACE_BOUND('',#1127,.T.);
#1239=FACE_BOUND('',#1128,.T.);
#1240=FACE_BOUND('',#1129,.T.);
#1241=FACE_BOUND('',#1130,.T.);
#1242=FACE_BOUND('',#1131,.T.);
#1243=FACE_BOUND('',#1132,.T.);
#1244=FACE_BOUND('',#1133,.T.);
#1245=FACE_BOUND('',#1134,.T.);
#1246=FACE_BOUND('',#1135,.T.);
#1247=FACE_BOUND('',#1136,.T.);
#1248=FACE_BOUND('',#1137,.T.);
#1249=FACE_BOUND('',#1138,.T.);
#1250=FACE_BOUND('',#1139,.T.);
#1251=FACE_BOUND('',#1140,.T.);
#1252=FACE_BOUND('',#1141,.T.);
#1253=FACE_BOUND('',#1142,.T.);
#1254=FACE_BOUND('',#1143,.T.);
#1255=FACE_BOUND('',#1144,.T.);
#1256=FACE_BOUND('',#1145,.T.);
#1257=FACE_BOUND('',#1146,.T.);
#1258=FACE_BOUND('',#1147,.T.);
#1259=FACE_BOUND('',#1148,.T.);
#1260=FACE_BOUND('',#1149,.T.);
#1261=FACE_BOUND('',#1150,.T.);
#1262=FACE_BOUND('',#1151,.T.);
#1263=FACE_BOUND('',#1152,.T.);
#1264=FACE_BOUND('',#1153,.T.);
#1265=FACE_BOUND('',#1154,.T.);
#1266=FACE_BOUND('',#1155,.T.);
#1267=FACE_BOUND('',#1156,.T.);
#1268=FACE_BOUND('',#1157,.T.);
#1269=FACE_BOUND('',#1158,.T.);
#1270=FACE_BOUND('',#1159,.T.);
#1271=PLANE('',#1453);
#1272=PLANE('',#1456);
#1273=PLANE('',#1459);
#1274=PLANE('',#1464);
#1275=PLANE('',#1468);
#1276=PLANE('',#1475);
#1277=PLANE('',#1489);
#1278=PLANE('',#1495);
#1279=PLANE('',#1500);
#1280=PLANE('',#1501);
#1281=PLANE('',#1504);
#1282=PLANE('',#1505);
#1283=PLANE('',#1510);
#1284=PLANE('',#1512);
#1285=PLANE('',#1543);
#1286=PLANE('',#1547);
#1287=PLANE('',#1551);
#1288=PLANE('',#1555);
#1289=PLANE('',#1556);
#1290=PLANE('',#1557);
#1291=PLANE('',#1558);
#1292=PLANE('',#1559);
#1293=PLANE('',#1575);
#1294=PLANE('',#1576);
#1295=PLANE('',#1581);
#1296=PLANE('',#1582);
#1297=PLANE('',#1586);
#1298=PLANE('',#1588);
#1299=PLANE('',#1592);
#1300=PLANE('',#1596);
#1301=PLANE('',#1600);
#1302=PLANE('',#1604);
#1303=PLANE('',#1605);
#1304=PLANE('',#1609);
#1305=PLANE('',#1614);
#1306=PLANE('',#1615);
#1307=PLANE('',#1619);
#1308=ADVANCED_FACE('',(#1160,#1161),#1271,.T.);
#1309=ADVANCED_FACE('',(#1162,#1163),#1272,.F.);
#1310=ADVANCED_FACE('',(#1164),#1273,.F.);
#1311=ADVANCED_FACE('',(#1165),#1274,.T.);
#1312=ADVANCED_FACE('',(#1166),#52,.T.);
#1313=ADVANCED_FACE('',(#1167),#1275,.T.);
#1314=ADVANCED_FACE('',(#1168),#53,.T.);
#1315=ADVANCED_FACE('',(#1169),#54,.T.);
#1316=ADVANCED_FACE('',(#1170),#1276,.F.);
#1317=ADVANCED_FACE('',(#1171),#55,.T.);
#1318=ADVANCED_FACE('',(#1172),#56,.F.);
#1319=ADVANCED_FACE('',(#1173),#57,.T.);
#1320=ADVANCED_FACE('',(#1174),#58,.F.);
#1321=ADVANCED_FACE('',(#1175),#59,.F.);
#1322=ADVANCED_FACE('',(#1176),#1277,.F.);
#1323=ADVANCED_FACE('',(#1177),#60,.T.);
#1324=ADVANCED_FACE('',(#1178),#61,.T.);
#1325=ADVANCED_FACE('',(#1179,#1180,#1181,#1182),#1278,.T.);
#1326=ADVANCED_FACE('',(#1183),#1279,.F.);
#1327=ADVANCED_FACE('',(#1184),#1280,.F.);
#1328=ADVANCED_FACE('',(#1185),#62,.F.);
#1329=ADVANCED_FACE('',(#1186),#1281,.F.);
#1330=ADVANCED_FACE('',(#1187,#1188),#1282,.F.);
#1331=ADVANCED_FACE('',(#1189),#1283,.T.);
#1332=ADVANCED_FACE('',(#1190),#63,.F.);
#1333=ADVANCED_FACE('',(#1191),#1284,.F.);
#1334=ADVANCED_FACE('',(#1192),#64,.F.);
#1335=ADVANCED_FACE('',(#1193),#65,.T.);
#1336=ADVANCED_FACE('',(#1194),#44,.T.);
#1337=ADVANCED_FACE('',(#1195),#45,.T.);
#1338=ADVANCED_FACE('',(#1196),#66,.T.);
#1339=ADVANCED_FACE('',(#1197),#67,.T.);
#1340=ADVANCED_FACE('',(#1198),#46,.T.);
#1341=ADVANCED_FACE('',(#1199),#47,.T.);
#1342=ADVANCED_FACE('',(#1200),#68,.T.);
#1343=ADVANCED_FACE('',(#1201),#69,.T.);
#1344=ADVANCED_FACE('',(#1202),#48,.T.);
#1345=ADVANCED_FACE('',(#1203),#49,.T.);
#1346=ADVANCED_FACE('',(#1204),#70,.T.);
#1347=ADVANCED_FACE('',(#1205),#71,.T.);
#1348=ADVANCED_FACE('',(#1206),#50,.T.);
#1349=ADVANCED_FACE('',(#1207),#51,.T.);
#1350=ADVANCED_FACE('',(#1208),#72,.T.);
#1351=ADVANCED_FACE('',(#1209),#1285,.F.);
#1352=ADVANCED_FACE('',(#1210),#73,.T.);
#1353=ADVANCED_FACE('',(#1211),#1286,.F.);
#1354=ADVANCED_FACE('',(#1212),#74,.T.);
#1355=ADVANCED_FACE('',(#1213),#1287,.F.);
#1356=ADVANCED_FACE('',(#1214),#75,.T.);
#1357=ADVANCED_FACE('',(#1215),#1288,.F.);
#1358=ADVANCED_FACE('',(#1216),#1289,.T.);
#1359=ADVANCED_FACE('',(#1217),#1290,.F.);
#1360=ADVANCED_FACE('',(#1218),#1291,.F.);
#1361=ADVANCED_FACE('',(#1219),#1292,.T.);
#1362=ADVANCED_FACE('',(#1220,#1221),#76,.F.);
#1363=ADVANCED_FACE('',(#1222,#1223),#77,.F.);
#1364=ADVANCED_FACE('',(#1224,#1225),#78,.F.);
#1365=ADVANCED_FACE('',(#1226,#1227),#79,.F.);
#1366=ADVANCED_FACE('',(#1228),#80,.T.);
#1367=ADVANCED_FACE('',(#1229,#1230,#1231,#1232,#1233,#1234),#1293,.T.);
#1368=ADVANCED_FACE('',(#1235,#1236,#1237,#1238,#1239,#1240),#1294,.F.);
#1369=ADVANCED_FACE('',(#1241,#1242),#81,.T.);
#1370=ADVANCED_FACE('',(#1243),#1295,.T.);
#1371=ADVANCED_FACE('',(#1244,#1245),#1296,.F.);
#1372=ADVANCED_FACE('',(#1246,#1247),#82,.T.);
#1373=ADVANCED_FACE('',(#1248),#1297,.F.);
#1374=ADVANCED_FACE('',(#1249),#1298,.T.);
#1375=ADVANCED_FACE('',(#1250),#83,.T.);
#1376=ADVANCED_FACE('',(#1251),#1299,.F.);
#1377=ADVANCED_FACE('',(#1252),#84,.T.);
#1378=ADVANCED_FACE('',(#1253),#1300,.F.);
#1379=ADVANCED_FACE('',(#1254),#85,.T.);
#1380=ADVANCED_FACE('',(#1255),#1301,.T.);
#1381=ADVANCED_FACE('',(#1256),#86,.T.);
#1382=ADVANCED_FACE('',(#1257),#1302,.T.);
#1383=ADVANCED_FACE('',(#1258,#1259),#1303,.F.);
#1384=ADVANCED_FACE('',(#1260,#1261),#87,.T.);
#1385=ADVANCED_FACE('',(#1262),#1304,.F.);
#1386=ADVANCED_FACE('',(#1263,#1264),#88,.T.);
#1387=ADVANCED_FACE('',(#1265),#1305,.T.);
#1388=ADVANCED_FACE('',(#1266,#1267),#1306,.F.);
#1389=ADVANCED_FACE('',(#1268,#1269),#89,.T.);
#1390=ADVANCED_FACE('',(#1270),#1307,.F.);
#1391=CLOSED_SHELL('',(#1308,#1309,#1310,#1311,#1312,#1313,#1314,#1315,
#1316,#1317,#1318,#1319,#1320,#1321,#1322,#1323,#1324,#1325,#1326,#1327,
#1328,#1329,#1330,#1331,#1332,#1333,#1334,#1335,#1336,#1337,#1338,#1339,
#1340,#1341,#1342,#1343,#1344,#1345,#1346,#1347,#1348,#1349,#1350));
#1392=CLOSED_SHELL('',(#1351,#1352,#1353,#1354,#1355,#1356,#1357,#1358,
#1359,#1360,#1361,#1362,#1363,#1364,#1365,#1366,#1367,#1368));
#1393=CLOSED_SHELL('',(#1369,#1370,#1371,#1372,#1373));
#1394=CLOSED_SHELL('',(#1374,#1375,#1376,#1377,#1378,#1379,#1380,#1381,
#1382,#1383,#1384,#1385));
#1395=CLOSED_SHELL('',(#1386,#1387,#1388,#1389,#1390));
#1396=STYLED_ITEM('',(#1401),#1435);
#1397=STYLED_ITEM('',(#1402),#1436);
#1398=STYLED_ITEM('',(#1403),#1437);
#1399=STYLED_ITEM('',(#1404),#1438);
#1400=STYLED_ITEM('',(#1405),#1439);
#1401=PRESENTATION_STYLE_ASSIGNMENT((#1406));
#1402=PRESENTATION_STYLE_ASSIGNMENT((#1407));
#1403=PRESENTATION_STYLE_ASSIGNMENT((#1408));
#1404=PRESENTATION_STYLE_ASSIGNMENT((#1409));
#1405=PRESENTATION_STYLE_ASSIGNMENT((#1410));
#1406=SURFACE_STYLE_USAGE(.BOTH.,#1411);
#1407=SURFACE_STYLE_USAGE(.BOTH.,#1412);
#1408=SURFACE_STYLE_USAGE(.BOTH.,#1413);
#1409=SURFACE_STYLE_USAGE(.BOTH.,#1414);
#1410=SURFACE_STYLE_USAGE(.BOTH.,#1415);
#1411=SURFACE_SIDE_STYLE('',(#1416));
#1412=SURFACE_SIDE_STYLE('',(#1417));
#1413=SURFACE_SIDE_STYLE('',(#1418));
#1414=SURFACE_SIDE_STYLE('',(#1419));
#1415=SURFACE_SIDE_STYLE('',(#1420));
#1416=SURFACE_STYLE_FILL_AREA(#1421);
#1417=SURFACE_STYLE_FILL_AREA(#1422);
#1418=SURFACE_STYLE_FILL_AREA(#1423);
#1419=SURFACE_STYLE_FILL_AREA(#1424);
#1420=SURFACE_STYLE_FILL_AREA(#1425);
#1421=FILL_AREA_STYLE('',(#1426));
#1422=FILL_AREA_STYLE('',(#1427));
#1423=FILL_AREA_STYLE('',(#1428));
#1424=FILL_AREA_STYLE('',(#1429));
#1425=FILL_AREA_STYLE('',(#1430));
#1426=FILL_AREA_STYLE_COLOUR('',#1431);
#1427=FILL_AREA_STYLE_COLOUR('',#1431);
#1428=FILL_AREA_STYLE_COLOUR('',#1432);
#1429=FILL_AREA_STYLE_COLOUR('',#1433);
#1430=FILL_AREA_STYLE_COLOUR('',#1434);
#1431=COLOUR_RGB('',0.917647058823529,0.917647058823529,0.917647058823529);
#1432=COLOUR_RGB('',0.992156862745098,0.235294117647059,0.00392156862745098);
#1433=COLOUR_RGB('',0.501960784313726,0.501960784313726,0.501960784313726);
#1434=COLOUR_RGB('',0.917647058823529,0.294117647058823,0.105882352941176);
#1435=MANIFOLD_SOLID_BREP('Part 78',#1391);
#1436=MANIFOLD_SOLID_BREP('Part 79',#1392);
#1437=MANIFOLD_SOLID_BREP('Part 81',#1393);
#1438=MANIFOLD_SOLID_BREP('Part 82',#1394);
#1439=MANIFOLD_SOLID_BREP('Part 80',#1395);
#1440=SHAPE_DEFINITION_REPRESENTATION(#2488,#1446);
#1441=SHAPE_DEFINITION_REPRESENTATION(#2489,#1447);
#1442=SHAPE_DEFINITION_REPRESENTATION(#2491,#1448);
#1443=SHAPE_DEFINITION_REPRESENTATION(#2493,#1449);
#1444=SHAPE_DEFINITION_REPRESENTATION(#2495,#1450);
#1445=SHAPE_DEFINITION_REPRESENTATION(#2497,#1451);
#1446=SHAPE_REPRESENTATION('Assembly 1',(#1452,#1542,#1577,#1587,#1610,
#1620),#2473);
#1447=SHAPE_REPRESENTATION('Part 78',(#1452),#2474);
#1448=SHAPE_REPRESENTATION('Part 79',(#1452),#2475);
#1449=SHAPE_REPRESENTATION('Part 81',(#1452),#2476);
#1450=SHAPE_REPRESENTATION('Part 82',(#1452),#2477);
#1451=SHAPE_REPRESENTATION('Part 80',(#1452),#2478);
#1452=AXIS2_PLACEMENT_3D('',#2060,#1621,#1622);
#1453=AXIS2_PLACEMENT_3D('',#2061,#1623,#1624);
#1454=AXIS2_PLACEMENT_3D('',#2070,#1629,#1630);
#1455=AXIS2_PLACEMENT_3D('',#2075,#1632,#1633);
#1456=AXIS2_PLACEMENT_3D('',#2078,#1635,#1636);
#1457=AXIS2_PLACEMENT_3D('',#2090,#1642,#1643);
#1458=AXIS2_PLACEMENT_3D('',#2094,#1645,#1646);
#1459=AXIS2_PLACEMENT_3D('',#2095,#1647,#1648);
#1460=AXIS2_PLACEMENT_3D('',#2101,#1651,#1652);
#1461=AXIS2_PLACEMENT_3D('',#2105,#1654,#1655);
#1462=AXIS2_PLACEMENT_3D('',#2106,#1656,#1657);
#1463=AXIS2_PLACEMENT_3D('',#2110,#1659,#1660);
#1464=AXIS2_PLACEMENT_3D('',#2111,#1661,#1662);
#1465=AXIS2_PLACEMENT_3D('',#2120,#1667,#1668);
#1466=AXIS2_PLACEMENT_3D('',#2124,#1670,#1671);
#1467=AXIS2_PLACEMENT_3D('',#2125,#1672,#1673);
#1468=AXIS2_PLACEMENT_3D('',#2126,#1674,#1675);
#1469=AXIS2_PLACEMENT_3D('',#2132,#1679,#1680);
#1470=AXIS2_PLACEMENT_3D('',#2133,#1681,#1682);
#1471=AXIS2_PLACEMENT_3D('',#2134,#1683,#1684);
#1472=AXIS2_PLACEMENT_3D('',#2135,#1685,#1686);
#1473=AXIS2_PLACEMENT_3D('',#2139,#1688,#1689);
#1474=AXIS2_PLACEMENT_3D('',#2140,#1690,#1691);
#1475=AXIS2_PLACEMENT_3D('',#2141,#1692,#1693);
#1476=AXIS2_PLACEMENT_3D('',#2147,#1697,#1698);
#1477=AXIS2_PLACEMENT_3D('',#2150,#1700,#1701);
#1478=AXIS2_PLACEMENT_3D('',#2153,#1703,#1704);
#1479=AXIS2_PLACEMENT_3D('',#2158,#1707,#1708);
#1480=AXIS2_PLACEMENT_3D('',#2163,#1711,#1712);
#1481=AXIS2_PLACEMENT_3D('',#2164,#1713,#1714);
#1482=AXIS2_PLACEMENT_3D('',#2167,#1716,#1717);
#1483=AXIS2_PLACEMENT_3D('',#2168,#1718,#1719);
#1484=AXIS2_PLACEMENT_3D('',#2173,#1722,#1723);
#1485=AXIS2_PLACEMENT_3D('',#2178,#1726,#1727);
#1486=AXIS2_PLACEMENT_3D('',#2179,#1728,#1729);
#1487=AXIS2_PLACEMENT_3D('',#2180,#1730,#1731);
#1488=AXIS2_PLACEMENT_3D('',#2183,#1733,#1734);
#1489=AXIS2_PLACEMENT_3D('',#2184,#1735,#1736);
#1490=AXIS2_PLACEMENT_3D('',#2186,#1738,#1739);
#1491=AXIS2_PLACEMENT_3D('',#2187,#1740,#1741);
#1492=AXIS2_PLACEMENT_3D('',#2188,#1742,#1743);
#1493=AXIS2_PLACEMENT_3D('',#2189,#1744,#1745);
#1494=AXIS2_PLACEMENT_3D('',#2190,#1746,#1747);
#1495=AXIS2_PLACEMENT_3D('',#2191,#1748,#1749);
#1496=AXIS2_PLACEMENT_3D('',#2192,#1750,#1751);
#1497=AXIS2_PLACEMENT_3D('',#2197,#1753,#1754);
#1498=AXIS2_PLACEMENT_3D('',#2201,#1756,#1757);
#1499=AXIS2_PLACEMENT_3D('',#2205,#1759,#1760);
#1500=AXIS2_PLACEMENT_3D('',#2208,#1762,#1763);
#1501=AXIS2_PLACEMENT_3D('',#2210,#1765,#1766);
#1502=AXIS2_PLACEMENT_3D('',#2214,#1769,#1770);
#1503=AXIS2_PLACEMENT_3D('',#2215,#1771,#1772);
#1504=AXIS2_PLACEMENT_3D('',#2216,#1773,#1774);
#1505=AXIS2_PLACEMENT_3D('',#2218,#1776,#1777);
#1506=AXIS2_PLACEMENT_3D('',#2219,#1778,#1779);
#1507=AXIS2_PLACEMENT_3D('',#2224,#1781,#1782);
#1508=AXIS2_PLACEMENT_3D('',#2228,#1784,#1785);
#1509=AXIS2_PLACEMENT_3D('',#2232,#1787,#1788);
#1510=AXIS2_PLACEMENT_3D('',#2235,#1790,#1791);
#1511=AXIS2_PLACEMENT_3D('',#2238,#1794,#1795);
#1512=AXIS2_PLACEMENT_3D('',#2240,#1797,#1798);
#1513=AXIS2_PLACEMENT_3D('',#2242,#1800,#1801);
#1514=AXIS2_PLACEMENT_3D('',#2243,#1802,#1803);
#1515=AXIS2_PLACEMENT_3D('',#2244,#1804,#1805);
#1516=AXIS2_PLACEMENT_3D('',#2245,#1806,#1807);
#1517=AXIS2_PLACEMENT_3D('',#2246,#1808,#1809);
#1518=AXIS2_PLACEMENT_3D('',#2252,#1810,#1811);
#1519=AXIS2_PLACEMENT_3D('',#2253,#1812,#1813);
#1520=AXIS2_PLACEMENT_3D('',#2254,#1814,#1815);
#1521=AXIS2_PLACEMENT_3D('',#2255,#1816,#1817);
#1522=AXIS2_PLACEMENT_3D('',#2256,#1818,#1819);
#1523=AXIS2_PLACEMENT_3D('',#2257,#1820,#1821);
#1524=AXIS2_PLACEMENT_3D('',#2258,#1822,#1823);
#1525=AXIS2_PLACEMENT_3D('',#2259,#1824,#1825);
#1526=AXIS2_PLACEMENT_3D('',#2260,#1826,#1827);
#1527=AXIS2_PLACEMENT_3D('',#2266,#1828,#1829);
#1528=AXIS2_PLACEMENT_3D('',#2267,#1830,#1831);
#1529=AXIS2_PLACEMENT_3D('',#2268,#1832,#1833);
#1530=AXIS2_PLACEMENT_3D('',#2269,#1834,#1835);
#1531=AXIS2_PLACEMENT_3D('',#2270,#1836,#1837);
#1532=AXIS2_PLACEMENT_3D('',#2271,#1838,#1839);
#1533=AXIS2_PLACEMENT_3D('',#2272,#1840,#1841);
#1534=AXIS2_PLACEMENT_3D('',#2278,#1842,#1843);
#1535=AXIS2_PLACEMENT_3D('',#2279,#1844,#1845);
#1536=AXIS2_PLACEMENT_3D('',#2280,#1846,#1847);
#1537=AXIS2_PLACEMENT_3D('',#2281,#1848,#1849);
#1538=AXIS2_PLACEMENT_3D('',#2282,#1850,#1851);
#1539=AXIS2_PLACEMENT_3D('',#2288,#1852,#1853);
#1540=AXIS2_PLACEMENT_3D('',#2289,#1854,#1855);
#1541=AXIS2_PLACEMENT_3D('',#2290,#1856,#1857);
#1542=AXIS2_PLACEMENT_3D('',#2291,#1858,#1859);
#1543=AXIS2_PLACEMENT_3D('',#2292,#1860,#1861);
#1544=AXIS2_PLACEMENT_3D('',#2301,#1866,#1867);
#1545=AXIS2_PLACEMENT_3D('',#2302,#1868,#1869);
#1546=AXIS2_PLACEMENT_3D('',#2306,#1871,#1872);
#1547=AXIS2_PLACEMENT_3D('',#2307,#1873,#1874);
#1548=AXIS2_PLACEMENT_3D('',#2313,#1878,#1879);
#1549=AXIS2_PLACEMENT_3D('',#2314,#1880,#1881);
#1550=AXIS2_PLACEMENT_3D('',#2318,#1883,#1884);
#1551=AXIS2_PLACEMENT_3D('',#2319,#1885,#1886);
#1552=AXIS2_PLACEMENT_3D('',#2325,#1890,#1891);
#1553=AXIS2_PLACEMENT_3D('',#2326,#1892,#1893);
#1554=AXIS2_PLACEMENT_3D('',#2330,#1895,#1896);
#1555=AXIS2_PLACEMENT_3D('',#2331,#1897,#1898);
#1556=AXIS2_PLACEMENT_3D('',#2337,#1902,#1903);
#1557=AXIS2_PLACEMENT_3D('',#2346,#1908,#1909);
#1558=AXIS2_PLACEMENT_3D('',#2352,#1913,#1914);
#1559=AXIS2_PLACEMENT_3D('',#2358,#1918,#1919);
#1560=AXIS2_PLACEMENT_3D('',#2361,#1922,#1923);
#1561=AXIS2_PLACEMENT_3D('',#2362,#1924,#1925);
#1562=AXIS2_PLACEMENT_3D('',#2364,#1926,#1927);
#1563=AXIS2_PLACEMENT_3D('',#2366,#1928,#1929);
#1564=AXIS2_PLACEMENT_3D('',#2367,#1930,#1931);
#1565=AXIS2_PLACEMENT_3D('',#2369,#1932,#1933);
#1566=AXIS2_PLACEMENT_3D('',#2371,#1934,#1935);
#1567=AXIS2_PLACEMENT_3D('',#2372,#1936,#1937);
#1568=AXIS2_PLACEMENT_3D('',#2374,#1938,#1939);
#1569=AXIS2_PLACEMENT_3D('',#2376,#1940,#1941);
#1570=AXIS2_PLACEMENT_3D('',#2377,#1942,#1943);
#1571=AXIS2_PLACEMENT_3D('',#2379,#1944,#1945);
#1572=AXIS2_PLACEMENT_3D('',#2381,#1946,#1947);
#1573=AXIS2_PLACEMENT_3D('',#2382,#1948,#1949);
#1574=AXIS2_PLACEMENT_3D('',#2383,#1950,#1951);
#1575=AXIS2_PLACEMENT_3D('',#2384,#1952,#1953);
#1576=AXIS2_PLACEMENT_3D('',#2385,#1954,#1955);
#1577=AXIS2_PLACEMENT_3D('',#2386,#1956,#1957);
#1578=AXIS2_PLACEMENT_3D('',#2387,#1958,#1959);
#1579=AXIS2_PLACEMENT_3D('',#2388,#1960,#1961);
#1580=AXIS2_PLACEMENT_3D('',#2390,#1962,#1963);
#1581=AXIS2_PLACEMENT_3D('',#2392,#1964,#1965);
#1582=AXIS2_PLACEMENT_3D('',#2393,#1966,#1967);
#1583=AXIS2_PLACEMENT_3D('',#2394,#1968,#1969);
#1584=AXIS2_PLACEMENT_3D('',#2396,#1970,#1971);
#1585=AXIS2_PLACEMENT_3D('',#2397,#1972,#1973);
#1586=AXIS2_PLACEMENT_3D('',#2399,#1974,#1975);
#1587=AXIS2_PLACEMENT_3D('',#2400,#1976,#1977);
#1588=AXIS2_PLACEMENT_3D('',#2401,#1978,#1979);
#1589=AXIS2_PLACEMENT_3D('',#2410,#1984,#1985);
#1590=AXIS2_PLACEMENT_3D('',#2411,#1986,#1987);
#1591=AXIS2_PLACEMENT_3D('',#2415,#1989,#1990);
#1592=AXIS2_PLACEMENT_3D('',#2416,#1991,#1992);
#1593=AXIS2_PLACEMENT_3D('',#2422,#1996,#1997);
#1594=AXIS2_PLACEMENT_3D('',#2423,#1998,#1999);
#1595=AXIS2_PLACEMENT_3D('',#2427,#2001,#2002);
#1596=AXIS2_PLACEMENT_3D('',#2428,#2003,#2004);
#1597=AXIS2_PLACEMENT_3D('',#2434,#2008,#2009);
#1598=AXIS2_PLACEMENT_3D('',#2435,#2010,#2011);
#1599=AXIS2_PLACEMENT_3D('',#2439,#2013,#2014);
#1600=AXIS2_PLACEMENT_3D('',#2440,#2015,#2016);
#1601=AXIS2_PLACEMENT_3D('',#2446,#2020,#2021);
#1602=AXIS2_PLACEMENT_3D('',#2447,#2022,#2023);
#1603=AXIS2_PLACEMENT_3D('',#2448,#2024,#2025);
#1604=AXIS2_PLACEMENT_3D('',#2449,#2026,#2027);
#1605=AXIS2_PLACEMENT_3D('',#2450,#2028,#2029);
#1606=AXIS2_PLACEMENT_3D('',#2451,#2030,#2031);
#1607=AXIS2_PLACEMENT_3D('',#2453,#2032,#2033);
#1608=AXIS2_PLACEMENT_3D('',#2454,#2034,#2035);
#1609=AXIS2_PLACEMENT_3D('',#2456,#2036,#2037);
#1610=AXIS2_PLACEMENT_3D('',#2457,#2038,#2039);
#1611=AXIS2_PLACEMENT_3D('',#2458,#2040,#2041);
#1612=AXIS2_PLACEMENT_3D('',#2459,#2042,#2043);
#1613=AXIS2_PLACEMENT_3D('',#2461,#2044,#2045);
#1614=AXIS2_PLACEMENT_3D('',#2463,#2046,#2047);
#1615=AXIS2_PLACEMENT_3D('',#2464,#2048,#2049);
#1616=AXIS2_PLACEMENT_3D('',#2465,#2050,#2051);
#1617=AXIS2_PLACEMENT_3D('',#2467,#2052,#2053);
#1618=AXIS2_PLACEMENT_3D('',#2468,#2054,#2055);
#1619=AXIS2_PLACEMENT_3D('',#2470,#2056,#2057);
#1620=AXIS2_PLACEMENT_3D('',#2471,#2058,#2059);
#1621=DIRECTION('',(0.,0.,1.));
#1622=DIRECTION('',(1.,0.,0.));
#1623=DIRECTION('',(0.,0.,1.));
#1624=DIRECTION('',(0.,-1.,0.));
#1625=DIRECTION('',(0.,1.,0.));
#1626=DIRECTION('',(1.,0.,0.));
#1627=DIRECTION('',(0.,1.,0.));
#1628=DIRECTION('',(1.,0.,0.));
#1629=DIRECTION('',(0.,0.,1.));
#1630=DIRECTION('',(0.,-1.,0.));
#1631=DIRECTION('',(1.,0.,0.));
#1632=DIRECTION('',(0.,0.,1.));
#1633=DIRECTION('',(0.,-1.,0.));
#1634=DIRECTION('',(1.,0.,0.));
#1635=DIRECTION('',(0.,0.,1.));
#1636=DIRECTION('',(0.,-1.,0.));
#1637=DIRECTION('',(1.,0.,0.));
#1638=DIRECTION('',(0.,-1.,0.));
#1639=DIRECTION('',(1.,0.,0.));
#1640=DIRECTION('',(0.,-1.,0.));
#1641=DIRECTION('',(1.,0.,0.));
#1642=DIRECTION('',(0.,0.,1.));
#1643=DIRECTION('',(0.,-1.,0.));
#1644=DIRECTION('',(1.,0.,0.));
#1645=DIRECTION('',(0.,0.,1.));
#1646=DIRECTION('',(0.,-1.,0.));
#1647=DIRECTION('',(0.,-1.,0.));
#1648=DIRECTION('',(1.,0.,0.));
#1649=DIRECTION('',(1.,0.,0.));
#1650=DIRECTION('',(1.,0.,0.));
#1651=DIRECTION('',(0.,-1.,0.));
#1652=DIRECTION('',(-1.,0.,0.));
#1653=DIRECTION('',(0.,0.,-1.));
#1654=DIRECTION('',(0.,-1.,0.));
#1655=DIRECTION('',(-1.,0.,0.));
#1656=DIRECTION('',(0.,-1.,0.));
#1657=DIRECTION('',(-1.,0.,0.));
#1658=DIRECTION('',(-0.000122994180041373,0.,0.999999992436216));
#1659=DIRECTION('',(0.,-1.,0.));
#1660=DIRECTION('',(-1.,0.,0.));
#1661=DIRECTION('',(0.,0.,-1.));
#1662=DIRECTION('',(0.,1.,0.));
#1663=DIRECTION('',(0.,1.,0.));
#1664=DIRECTION('',(-1.,0.,0.));
#1665=DIRECTION('',(0.,1.,0.));
#1666=DIRECTION('',(-1.,0.,0.));
#1667=DIRECTION('',(0.,1.,0.));
#1668=DIRECTION('',(1.,0.,0.));
#1669=DIRECTION('',(0.,1.,0.));
#1670=DIRECTION('',(0.,-1.,0.));
#1671=DIRECTION('',(-1.,0.,0.));
#1672=DIRECTION('',(0.,-1.,0.));
#1673=DIRECTION('',(-1.,0.,0.));
#1674=DIRECTION('',(0.999999992436216,0.,0.000122994180041537));
#1675=DIRECTION('',(0.000122994180041537,0.,-0.999999992436216));
#1676=DIRECTION('',(0.,1.,0.));
#1677=DIRECTION('',(0.000122994180041537,0.,-0.999999992436216));
#1678=DIRECTION('',(0.000122994180041537,0.,-0.999999992436216));
#1679=DIRECTION('',(0.,1.,0.));
#1680=DIRECTION('',(1.,0.,0.));
#1681=DIRECTION('',(0.,-1.,0.));
#1682=DIRECTION('',(-1.,0.,0.));
#1683=DIRECTION('',(0.,-1.,0.));
#1684=DIRECTION('',(-1.,0.,0.));
#1685=DIRECTION('',(0.,1.,0.));
#1686=DIRECTION('',(1.,0.,0.));
#1687=DIRECTION('',(0.,1.,0.));
#1688=DIRECTION('',(0.,-1.,0.));
#1689=DIRECTION('',(-1.,0.,0.));
#1690=DIRECTION('',(0.,-1.,0.));
#1691=DIRECTION('',(-1.,0.,0.));
#1692=DIRECTION('',(1.,0.,0.));
#1693=DIRECTION('',(0.,-1.,0.));
#1694=DIRECTION('',(0.,1.,0.));
#1695=DIRECTION('',(0.,0.,-1.));
#1696=DIRECTION('',(0.,0.,-1.));
#1697=DIRECTION('',(0.,1.,0.));
#1698=DIRECTION('',(1.,0.,0.));
#1699=DIRECTION('',(0.,1.,0.));
#1700=DIRECTION('',(0.,-1.,0.));
#1701=DIRECTION('',(-1.,0.,0.));
#1702=DIRECTION('',(0.,1.,0.));
#1703=DIRECTION('',(0.,1.,0.));
#1704=DIRECTION('',(1.,0.,0.));
#1705=DIRECTION('',(0.,1.,0.));
#1706=DIRECTION('',(0.,-1.,0.));
#1707=DIRECTION('',(0.,-1.,0.));
#1708=DIRECTION('',(-1.,0.,0.));
#1709=DIRECTION('',(0.,-1.,0.));
#1710=DIRECTION('',(0.,1.,0.));
#1711=DIRECTION('',(0.,-1.,0.));
#1712=DIRECTION('',(-1.,0.,0.));
#1713=DIRECTION('',(0.,1.,0.));
#1714=DIRECTION('',(1.,0.,0.));
#1715=DIRECTION('',(0.,1.,0.));
#1716=DIRECTION('',(0.,-1.,0.));
#1717=DIRECTION('',(-1.,0.,0.));
#1718=DIRECTION('',(0.,1.,0.));
#1719=DIRECTION('',(1.,0.,0.));
#1720=DIRECTION('',(0.,1.,0.));
#1721=DIRECTION('',(0.,-1.,0.));
#1722=DIRECTION('',(0.,-1.,0.));
#1723=DIRECTION('',(-1.,0.,0.));
#1724=DIRECTION('',(0.,-1.,0.));
#1725=DIRECTION('',(0.,1.,0.));
#1726=DIRECTION('',(0.,-1.,0.));
#1727=DIRECTION('',(-1.,0.,0.));
#1728=DIRECTION('',(0.,1.,0.));
#1729=DIRECTION('',(1.,0.,0.));
#1730=DIRECTION('',(0.,-1.,0.));
#1731=DIRECTION('',(-1.,0.,0.));
#1732=DIRECTION('',(0.,-1.,0.));
#1733=DIRECTION('',(0.,-1.,0.));
#1734=DIRECTION('',(-1.,0.,0.));
#1735=DIRECTION('',(0.,0.,1.));
#1736=DIRECTION('',(0.,-1.,0.));
#1737=DIRECTION('',(1.,0.,0.));
#1738=DIRECTION('',(0.,1.,0.));
#1739=DIRECTION('',(1.,0.,0.));
#1740=DIRECTION('',(0.,-1.,0.));
#1741=DIRECTION('',(-1.,0.,0.));
#1742=DIRECTION('',(0.,1.,0.));
#1743=DIRECTION('',(1.,0.,0.));
#1744=DIRECTION('',(0.,-1.,0.));
#1745=DIRECTION('',(-1.,0.,0.));
#1746=DIRECTION('',(0.,-1.,0.));
#1747=DIRECTION('',(-1.,0.,0.));
#1748=DIRECTION('',(0.,-1.,0.));
#1749=DIRECTION('',(1.,0.,0.));
#1750=DIRECTION('',(0.,-1.,0.));
#1751=DIRECTION('',(-1.,0.,0.));
#1752=DIRECTION('',(0.000122994180041537,0.,-0.999999992436216));
#1753=DIRECTION('',(0.,-1.,0.));
#1754=DIRECTION('',(-1.,0.,0.));
#1755=DIRECTION('',(1.,0.,0.));
#1756=DIRECTION('',(0.,-1.,0.));
#1757=DIRECTION('',(-1.,0.,0.));
#1758=DIRECTION('',(0.,0.,-1.));
#1759=DIRECTION('',(0.,-1.,0.));
#1760=DIRECTION('',(-1.,0.,0.));
#1761=DIRECTION('',(-1.,0.,0.));
#1762=DIRECTION('',(0.,0.,-1.));
#1763=DIRECTION('',(0.,1.,0.));
#1764=DIRECTION('',(1.,0.,0.));
#1765=DIRECTION('',(-1.,0.,0.));
#1766=DIRECTION('',(0.,1.,0.));
#1767=DIRECTION('',(0.,0.,-1.));
#1768=DIRECTION('',(0.,-1.,0.));
#1769=DIRECTION('',(0.,-1.,0.));
#1770=DIRECTION('',(-1.,0.,0.));
#1771=DIRECTION('',(0.,-1.,0.));
#1772=DIRECTION('',(-1.,0.,0.));
#1773=DIRECTION('',(0.999999992436216,0.,0.000122994180041373));
#1774=DIRECTION('',(0.000122994180041373,0.,-0.999999992436216));
#1775=DIRECTION('',(-0.000122994180041373,0.,0.999999992436216));
#1776=DIRECTION('',(0.,-1.,0.));
#1777=DIRECTION('',(1.,0.,0.));
#1778=DIRECTION('',(0.,-1.,0.));
#1779=DIRECTION('',(-1.,0.,0.));
#1780=DIRECTION('',(-1.,0.,0.));
#1781=DIRECTION('',(0.,-1.,0.));
#1782=DIRECTION('',(-1.,0.,0.));
#1783=DIRECTION('',(0.,0.,-1.));
#1784=DIRECTION('',(0.,-1.,0.));
#1785=DIRECTION('',(-1.,0.,0.));
#1786=DIRECTION('',(1.,0.,0.));
#1787=DIRECTION('',(0.,-1.,0.));
#1788=DIRECTION('',(-1.,0.,0.));
#1789=DIRECTION('',(0.000122994180041537,0.,-0.999999992436216));
#1790=DIRECTION('',(0.,-1.,0.));
#1791=DIRECTION('',(-1.,0.,0.));
#1792=DIRECTION('',(0.,0.,1.));
#1793=DIRECTION('',(0.,0.,1.));
#1794=DIRECTION('',(0.,0.,1.));
#1795=DIRECTION('',(0.,-1.,0.));
#1796=DIRECTION('',(0.,0.,1.));
#1797=DIRECTION('',(0.,-1.,0.));
#1798=DIRECTION('',(-1.,0.,0.));
#1799=DIRECTION('',(0.,0.,1.));
#1800=DIRECTION('',(0.,0.,1.));
#1801=DIRECTION('',(0.,-1.,0.));
#1802=DIRECTION('',(-1.,0.,0.));
#1803=DIRECTION('',(0.,1.,0.));
#1804=DIRECTION('',(-1.,0.,0.));
#1805=DIRECTION('',(0.,1.,0.));
#1806=DIRECTION('',(1.,0.,0.));
#1807=DIRECTION('',(0.,-1.,0.));
#1808=DIRECTION('',(0.,-1.,0.));
#1809=DIRECTION('',(-1.,0.,0.));
#1810=DIRECTION('',(0.,-1.,0.));
#1811=DIRECTION('',(-1.,0.,0.));
#1812=DIRECTION('',(0.,0.,-1.));
#1813=DIRECTION('',(0.,1.,0.));
#1814=DIRECTION('',(-0.000122994180041537,0.,0.999999992436216));
#1815=DIRECTION('',(0.999999992436216,0.,0.000122994180041537));
#1816=DIRECTION('',(0.000122994180028904,0.,-0.999999992436216));
#1817=DIRECTION('',(-0.999999992436216,0.,-0.000122994180028904));
#1818=DIRECTION('',(0.,0.,-1.));
#1819=DIRECTION('',(0.,1.,0.));
#1820=DIRECTION('',(0.,-3.19354097906711E-15,-1.));
#1821=DIRECTION('',(0.,1.,-3.19354097906711E-15));
#1822=DIRECTION('',(0.,-1.,0.));
#1823=DIRECTION('',(-1.,0.,0.));
#1824=DIRECTION('',(-1.,0.,0.));
#1825=DIRECTION('',(0.,1.,0.));
#1826=DIRECTION('',(0.,-1.,0.));
#1827=DIRECTION('',(-1.,0.,0.));
#1828=DIRECTION('',(1.,0.,0.));
#1829=DIRECTION('',(0.,-1.,0.));
#1830=DIRECTION('',(0.,0.,1.));
#1831=DIRECTION('',(0.,-1.,0.));
#1832=DIRECTION('',(-3.19354097906712E-15,0.,-1.));
#1833=DIRECTION('',(-1.,0.,3.19354097906712E-15));
#1834=DIRECTION('',(0.,0.,1.));
#1835=DIRECTION('',(0.,-1.,0.));
#1836=DIRECTION('',(0.,-1.,0.));
#1837=DIRECTION('',(-1.,0.,0.));
#1838=DIRECTION('',(1.,0.,0.));
#1839=DIRECTION('',(0.,-1.,0.));
#1840=DIRECTION('',(0.,-1.,0.));
#1841=DIRECTION('',(-1.,0.,0.));
#1842=DIRECTION('',(1.,0.,0.));
#1843=DIRECTION('',(0.,-1.,0.));
#1844=DIRECTION('',(1.,0.,0.));
#1845=DIRECTION('',(0.,-1.,0.));
#1846=DIRECTION('',(-1.,0.,0.));
#1847=DIRECTION('',(0.,1.,0.));
#1848=DIRECTION('',(1.,0.,0.));
#1849=DIRECTION('',(0.,-1.,0.));
#1850=DIRECTION('',(0.,-1.,0.));
#1851=DIRECTION('',(-1.,0.,0.));
#1852=DIRECTION('',(0.,-1.,0.));
#1853=DIRECTION('',(-1.,0.,0.));
#1854=DIRECTION('',(-0.000122994180041679,0.,0.999999992436216));
#1855=DIRECTION('',(0.999999992436216,0.,0.000122994180041679));
#1856=DIRECTION('',(0.000122994180041537,0.,-0.999999992436216));
#1857=DIRECTION('',(-0.999999992436216,0.,-0.000122994180041537));
#1858=DIRECTION('',(0.,0.,1.));
#1859=DIRECTION('',(1.,0.,0.));
#1860=DIRECTION('',(1.,0.,0.));
#1861=DIRECTION('',(0.,-1.,0.));
#1862=DIRECTION('',(0.,0.,1.));
#1863=DIRECTION('',(0.,-1.,0.));
#1864=DIRECTION('',(0.,0.,1.));
#1865=DIRECTION('',(0.,-1.,0.));
#1866=DIRECTION('',(0.,-1.,0.));
#1867=DIRECTION('',(-1.,0.,0.));
#1868=DIRECTION('',(0.,1.,0.));
#1869=DIRECTION('',(1.,0.,0.));
#1870=DIRECTION('',(0.,-1.,0.));
#1871=DIRECTION('',(0.,1.,0.));
#1872=DIRECTION('',(1.,0.,0.));
#1873=DIRECTION('',(0.,0.,-1.));
#1874=DIRECTION('',(0.,1.,0.));
#1875=DIRECTION('',(1.,0.,0.));
#1876=DIRECTION('',(0.,-1.,0.));
#1877=DIRECTION('',(1.,0.,0.));
#1878=DIRECTION('',(0.,-1.,0.));
#1879=DIRECTION('',(-1.,0.,0.));
#1880=DIRECTION('',(0.,1.,0.));
#1881=DIRECTION('',(1.,0.,0.));
#1882=DIRECTION('',(0.,-1.,0.));
#1883=DIRECTION('',(0.,1.,0.));
#1884=DIRECTION('',(1.,0.,0.));
#1885=DIRECTION('',(-1.,0.,0.));
#1886=DIRECTION('',(0.,1.,0.));
#1887=DIRECTION('',(0.,0.,-1.));
#1888=DIRECTION('',(0.,-1.,0.));
#1889=DIRECTION('',(0.,0.,-1.));
#1890=DIRECTION('',(0.,-1.,0.));
#1891=DIRECTION('',(-1.,0.,0.));
#1892=DIRECTION('',(0.,1.,0.));
#1893=DIRECTION('',(1.,0.,0.));
#1894=DIRECTION('',(0.,-1.,0.));
#1895=DIRECTION('',(0.,1.,0.));
#1896=DIRECTION('',(1.,0.,0.));
#1897=DIRECTION('',(0.,0.,1.));
#1898=DIRECTION('',(0.,-1.,0.));
#1899=DIRECTION('',(-1.,0.,0.));
#1900=DIRECTION('',(0.,-1.,0.));
#1901=DIRECTION('',(-1.,0.,0.));
#1902=DIRECTION('',(1.,0.,0.));
#1903=DIRECTION('',(0.,-1.,0.));
#1904=DIRECTION('',(0.,0.,1.));
#1905=DIRECTION('',(0.,-1.,0.));
#1906=DIRECTION('',(0.,0.,1.));
#1907=DIRECTION('',(0.,-1.,0.));
#1908=DIRECTION('',(0.,0.,-1.));
#1909=DIRECTION('',(0.,1.,0.));
#1910=DIRECTION('',(1.,0.,0.));
#1911=DIRECTION('',(0.,-1.,0.));
#1912=DIRECTION('',(1.,0.,0.));
#1913=DIRECTION('',(1.,0.,0.));
#1914=DIRECTION('',(0.,-1.,0.));
#1915=DIRECTION('',(0.,0.,1.));
#1916=DIRECTION('',(0.,-1.,0.));
#1917=DIRECTION('',(0.,0.,1.));
#1918=DIRECTION('',(0.,0.,-1.));
#1919=DIRECTION('',(0.,1.,0.));
#1920=DIRECTION('',(1.,0.,0.));
#1921=DIRECTION('',(1.,0.,0.));
#1922=DIRECTION('',(0.,-1.,0.));
#1923=DIRECTION('',(-1.,0.,0.));
#1924=DIRECTION('',(0.,1.,0.));
#1925=DIRECTION('',(1.,0.,0.));
#1926=DIRECTION('',(0.,1.,0.));
#1927=DIRECTION('',(1.,0.,0.));
#1928=DIRECTION('',(0.,-1.,0.));
#1929=DIRECTION('',(-1.,0.,0.));
#1930=DIRECTION('',(0.,1.,0.));
#1931=DIRECTION('',(1.,0.,0.));
#1932=DIRECTION('',(0.,1.,0.));
#1933=DIRECTION('',(1.,0.,0.));
#1934=DIRECTION('',(0.,-1.,0.));
#1935=DIRECTION('',(-1.,0.,0.));
#1936=DIRECTION('',(0.,1.,0.));
#1937=DIRECTION('',(1.,0.,0.));
#1938=DIRECTION('',(0.,1.,0.));
#1939=DIRECTION('',(1.,0.,0.));
#1940=DIRECTION('',(0.,-1.,0.));
#1941=DIRECTION('',(-1.,0.,0.));
#1942=DIRECTION('',(0.,1.,0.));
#1943=DIRECTION('',(1.,0.,0.));
#1944=DIRECTION('',(0.,1.,0.));
#1945=DIRECTION('',(1.,0.,0.));
#1946=DIRECTION('',(0.,-1.,0.));
#1947=DIRECTION('',(-1.,0.,0.));
#1948=DIRECTION('',(0.,1.,0.));
#1949=DIRECTION('',(1.,0.,0.));
#1950=DIRECTION('',(0.,1.,0.));
#1951=DIRECTION('',(1.,0.,0.));
#1952=DIRECTION('',(0.,1.,0.));
#1953=DIRECTION('',(1.,0.,0.));
#1954=DIRECTION('',(0.,1.,0.));
#1955=DIRECTION('',(1.,0.,0.));
#1956=DIRECTION('',(0.,0.,1.));
#1957=DIRECTION('',(1.,0.,0.));
#1958=DIRECTION('',(0.,-1.,0.));
#1959=DIRECTION('',(-1.,0.,0.));
#1960=DIRECTION('',(0.,1.,0.));
#1961=DIRECTION('',(1.,0.,0.));
#1962=DIRECTION('',(0.,1.,0.));
#1963=DIRECTION('',(1.,0.,0.));
#1964=DIRECTION('',(0.,1.,0.));
#1965=DIRECTION('',(1.,0.,0.));
#1966=DIRECTION('',(0.,1.,0.));
#1967=DIRECTION('',(1.,0.,0.));
#1968=DIRECTION('',(0.,1.,0.));
#1969=DIRECTION('',(1.,0.,0.));
#1970=DIRECTION('',(0.,1.,0.));
#1971=DIRECTION('',(1.,0.,0.));
#1972=DIRECTION('',(0.,1.,0.));
#1973=DIRECTION('',(1.,0.,0.));
#1974=DIRECTION('',(0.,1.,0.));
#1975=DIRECTION('',(1.,0.,0.));
#1976=DIRECTION('',(0.,0.,1.));
#1977=DIRECTION('',(1.,0.,0.));
#1978=DIRECTION('',(0.,0.,-1.));
#1979=DIRECTION('',(0.,1.,0.));
#1980=DIRECTION('',(1.,0.,0.));
#1981=DIRECTION('',(0.,-1.,0.));
#1982=DIRECTION('',(1.,0.,0.));
#1983=DIRECTION('',(0.,-1.,0.));
#1984=DIRECTION('',(0.,-1.,0.));
#1985=DIRECTION('',(-1.,0.,0.));
#1986=DIRECTION('',(0.,1.,0.));
#1987=DIRECTION('',(1.,0.,0.));
#1988=DIRECTION('',(0.,-1.,0.));
#1989=DIRECTION('',(0.,1.,0.));
#1990=DIRECTION('',(1.,0.,0.));
#1991=DIRECTION('',(1.,0.,0.));
#1992=DIRECTION('',(0.,-1.,0.));
#1993=DIRECTION('',(0.,0.,1.));
#1994=DIRECTION('',(0.,-1.,0.));
#1995=DIRECTION('',(0.,0.,1.));
#1996=DIRECTION('',(0.,-1.,0.));
#1997=DIRECTION('',(-1.,0.,0.));
#1998=DIRECTION('',(0.,1.,0.));
#1999=DIRECTION('',(1.,0.,0.));
#2000=DIRECTION('',(0.,-1.,0.));
#2001=DIRECTION('',(0.,1.,0.));
#2002=DIRECTION('',(1.,0.,0.));
#2003=DIRECTION('',(0.,0.,-1.));
#2004=DIRECTION('',(0.,1.,0.));
#2005=DIRECTION('',(1.,0.,0.));
#2006=DIRECTION('',(0.,-1.,0.));
#2007=DIRECTION('',(1.,0.,0.));
#2008=DIRECTION('',(0.,-1.,0.));
#2009=DIRECTION('',(-1.,0.,0.));
#2010=DIRECTION('',(0.,1.,0.));
#2011=DIRECTION('',(1.,0.,0.));
#2012=DIRECTION('',(0.,-1.,0.));
#2013=DIRECTION('',(0.,1.,0.));
#2014=DIRECTION('',(1.,0.,0.));
#2015=DIRECTION('',(1.,0.,0.));
#2016=DIRECTION('',(0.,-1.,0.));
#2017=DIRECTION('',(0.,0.,1.));
#2018=DIRECTION('',(0.,-1.,0.));
#2019=DIRECTION('',(0.,0.,1.));
#2020=DIRECTION('',(0.,-1.,0.));
#2021=DIRECTION('',(-1.,0.,0.));
#2022=DIRECTION('',(0.,1.,0.));
#2023=DIRECTION('',(1.,0.,0.));
#2024=DIRECTION('',(0.,1.,0.));
#2025=DIRECTION('',(1.,0.,0.));
#2026=DIRECTION('',(0.,1.,0.));
#2027=DIRECTION('',(1.,0.,0.));
#2028=DIRECTION('',(0.,1.,0.));
#2029=DIRECTION('',(1.,0.,0.));
#2030=DIRECTION('',(0.,1.,0.));
#2031=DIRECTION('',(1.,0.,0.));
#2032=DIRECTION('',(0.,1.,0.));
#2033=DIRECTION('',(1.,0.,0.));
#2034=DIRECTION('',(0.,1.,0.));
#2035=DIRECTION('',(1.,0.,0.));
#2036=DIRECTION('',(0.,1.,0.));
#2037=DIRECTION('',(1.,0.,0.));
#2038=DIRECTION('',(0.,0.,1.));
#2039=DIRECTION('',(1.,0.,0.));
#2040=DIRECTION('',(0.,-1.,0.));
#2041=DIRECTION('',(-1.,0.,0.));
#2042=DIRECTION('',(0.,1.,0.));
#2043=DIRECTION('',(1.,0.,0.));
#2044=DIRECTION('',(0.,1.,0.));
#2045=DIRECTION('',(1.,0.,0.));
#2046=DIRECTION('',(0.,1.,0.));
#2047=DIRECTION('',(1.,0.,0.));
#2048=DIRECTION('',(0.,1.,0.));
#2049=DIRECTION('',(1.,0.,0.));
#2050=DIRECTION('',(0.,1.,0.));
#2051=DIRECTION('',(1.,0.,0.));
#2052=DIRECTION('',(0.,1.,0.));
#2053=DIRECTION('',(1.,0.,0.));
#2054=DIRECTION('',(0.,1.,0.));
#2055=DIRECTION('',(1.,0.,0.));
#2056=DIRECTION('',(0.,1.,0.));
#2057=DIRECTION('',(1.,0.,0.));
#2058=DIRECTION('',(0.,0.,1.));
#2059=DIRECTION('',(1.,0.,0.));
#2060=CARTESIAN_POINT('',(0.,0.,0.));
#2061=CARTESIAN_POINT('',(0.145749999920013,-0.0031,0.143199999999967));
#2062=CARTESIAN_POINT('',(0.12649999983943,-0.0031,0.143199999999967));
#2063=CARTESIAN_POINT('',(0.12649999983943,-0.00092721,0.143199999999967));
#2064=CARTESIAN_POINT('',(0.12649999983943,0.01042721,0.143199999999967));
#2065=CARTESIAN_POINT('',(0.145749999920013,-0.00092721,0.143199999999967));
#2066=CARTESIAN_POINT('',(0.165000000000596,-0.00092721,0.143199999999967));
#2067=CARTESIAN_POINT('',(0.165000000000596,-0.0031,0.143199999999967));
#2068=CARTESIAN_POINT('',(0.165000000000596,0.01042721,0.143199999999967));
#2069=CARTESIAN_POINT('',(0.12649999983943,0.01042721,0.143199999999967));
#2070=CARTESIAN_POINT('',(0.131356582364392,0.00435194693408914,0.143199999999967));
#2071=CARTESIAN_POINT('',(0.13069175183773,0.00628792447969317,0.143199999999967));
#2072=CARTESIAN_POINT('',(0.130738728233917,0.00240046929913691,0.143199999999967));
#2073=CARTESIAN_POINT('',(0.134164738364867,0.00628792447969317,0.143199999999967));
#2074=CARTESIAN_POINT('',(0.137637724892004,0.00628792447969317,0.143199999999967));
#2075=CARTESIAN_POINT('',(0.137637724892004,0.00434419688941504,0.143199999999967));
#2076=CARTESIAN_POINT('',(0.137637724892004,0.00240046929913692,0.143199999999967));
#2077=CARTESIAN_POINT('',(0.13418822656296,0.00240046929913691,0.143199999999967));
#2078=CARTESIAN_POINT('',(0.,0.0126,0.140499999999967));
#2079=CARTESIAN_POINT('',(0.,0.,0.140499999999967));
#2080=CARTESIAN_POINT('',(0.165000000000579,0.,0.140499999999983));
#2081=CARTESIAN_POINT('',(0.126499999839413,0.,0.14049999999995));
#2082=CARTESIAN_POINT('',(0.126499999839413,0.0126,0.14049999999995));
#2083=CARTESIAN_POINT('',(0.126499999839413,0.0126,0.14049999999995));
#2084=CARTESIAN_POINT('',(0.,0.0126,0.140499999999967));
#2085=CARTESIAN_POINT('',(0.165000000000579,0.0126,0.140499999999983));
#2086=CARTESIAN_POINT('',(0.165000000000579,0.0126,0.140499999999983));
#2087=CARTESIAN_POINT('',(0.,0.00628792447969317,0.140499999999967));
#2088=CARTESIAN_POINT('',(0.13069175183773,0.00628792447969317,0.140499999999967));
#2089=CARTESIAN_POINT('',(0.137637724892004,0.00628792447969317,0.140499999999967));
#2090=CARTESIAN_POINT('',(0.131356582364392,0.00435194693408914,0.140499999999967));
#2091=CARTESIAN_POINT('',(0.130738728233917,0.00240046929913691,0.140499999999967));
#2092=CARTESIAN_POINT('',(0.,0.00240046929913691,0.140499999999967));
#2093=CARTESIAN_POINT('',(0.137637724892004,0.00240046929913692,0.140499999999967));
#2094=CARTESIAN_POINT('',(0.137637724892004,0.00434419688941504,0.140499999999967));
#2095=CARTESIAN_POINT('',(0.152250000018897,0.,0.0977230747310754));
#2096=CARTESIAN_POINT('',(0.,0.,0.054999999999998));
#2097=CARTESIAN_POINT('',(0.127289652824402,0.,0.054999999999998));
#2098=CARTESIAN_POINT('',(0.17800000016058,0.,0.054999999999997));
#2099=CARTESIAN_POINT('',(0.,0.,0.054999999999998));
#2100=CARTESIAN_POINT('',(0.126499999839415,0.,0.054999999999999));
#2101=CARTESIAN_POINT('',(0.12649999967883,0.,0.05999999967883));
#2102=CARTESIAN_POINT('',(0.121499999999997,0.,0.0599999998394128));
#2103=CARTESIAN_POINT('',(0.121499999999998,0.,0.));
#2104=CARTESIAN_POINT('',(0.1215,0.,0.13550000016055));
#2105=CARTESIAN_POINT('',(0.12649999967883,0.,0.1355000003211));
#2106=CARTESIAN_POINT('',(0.165000000000596,0.,0.122490864360739));
#2107=CARTESIAN_POINT('',(0.182992217999995,0.,0.123271285999879));
#2108=CARTESIAN_POINT('',(0.182999999999997,0.,0.06));
#2109=CARTESIAN_POINT('',(0.182999999999997,0.,0.06));
#2110=CARTESIAN_POINT('',(0.17800000032116,0.,0.05999999967883));
#2111=CARTESIAN_POINT('',(0.152733357110899,-0.0031,0.052299999999998));
#2112=CARTESIAN_POINT('',(0.17800061489529,-0.0031,0.0522999999622025));
#2113=CARTESIAN_POINT('',(0.17800061489529,-0.00092721,0.0522999999622025));
#2114=CARTESIAN_POINT('',(0.17800061489529,0.01042721,0.0522999999622025));
#2115=CARTESIAN_POINT('',(0.152733357110899,-0.00092721,0.052299999999998));
#2116=CARTESIAN_POINT('',(0.127466099326508,-0.00092721,0.052299999999998));
#2117=CARTESIAN_POINT('',(0.127466099326508,-0.0031,0.052299999999998));
#2118=CARTESIAN_POINT('',(0.127466099326508,0.01042721,0.052299999999998));
#2119=CARTESIAN_POINT('',(0.17800061489529,0.01042721,0.052299999999998));
#2120=CARTESIAN_POINT('',(0.17800061489529,-0.0031,0.0599993851047237));
#2121=CARTESIAN_POINT('',(0.185699999979575,-0.0031,0.0600003320842861));
#2122=CARTESIAN_POINT('',(0.185699999979575,-0.00092721,0.0600003320842861));
#2123=CARTESIAN_POINT('',(0.185699999979575,0.01042721,0.0600003320842861));
#2124=CARTESIAN_POINT('',(0.17800061489529,-0.00092721,0.0599993851047237));
#2125=CARTESIAN_POINT('',(0.17800061489529,0.01042721,0.0599993851047237));
#2126=CARTESIAN_POINT('',(0.185696105515753,-0.0031,0.0916641375668286));
#2127=CARTESIAN_POINT('',(0.185692211051931,-0.0031,0.123327943049371));
#2128=CARTESIAN_POINT('',(0.185692211051931,-0.00092721,0.123327943049371));
#2129=CARTESIAN_POINT('',(0.185692211051931,0.01042721,0.123327943049371));
#2130=CARTESIAN_POINT('',(0.185696105515753,-0.00092721,0.0916641375668286));
#2131=CARTESIAN_POINT('',(0.185692211051931,0.01042721,0.123327943049371));
#2132=CARTESIAN_POINT('',(0.165000000000596,-0.0031,0.122490864360739));
#2133=CARTESIAN_POINT('',(0.165000000000596,-0.00092721,0.122490864360739));
#2134=CARTESIAN_POINT('',(0.165000000000596,0.01042721,0.122490864360739));
#2135=CARTESIAN_POINT('',(0.12649999983943,-0.0031,0.135500000160521));
#2136=CARTESIAN_POINT('',(0.118799999999998,-0.0031,0.135500000160521));
#2137=CARTESIAN_POINT('',(0.118799999999998,-0.00092721,0.135500000160521));
#2138=CARTESIAN_POINT('',(0.118799999999998,0.01042721,0.135500000160521));
#2139=CARTESIAN_POINT('',(0.12649999983943,-0.00092721,0.135500000160521));
#2140=CARTESIAN_POINT('',(0.12649999983943,0.01042721,0.135500000160521));
#2141=CARTESIAN_POINT('',(0.118799999999998,-0.0031,0.0977499999999668));
#2142=CARTESIAN_POINT('',(0.118799999999997,-0.0031,0.0599999998394128));
#2143=CARTESIAN_POINT('',(0.118799999999997,-0.00092721,0.0599999998394128));
#2144=CARTESIAN_POINT('',(0.118799999999997,0.01042721,0.0599999998394128));
#2145=CARTESIAN_POINT('',(0.118799999999998,-0.00092721,0.135500000160521));
#2146=CARTESIAN_POINT('',(0.118799999999998,0.01042721,0.0977499999999668));
#2147=CARTESIAN_POINT('',(0.165000000000596,-0.0031,0.122490864360739));
#2148=CARTESIAN_POINT('',(0.165000000000579,-0.0031,0.140499999999983));
#2149=CARTESIAN_POINT('',(0.165000000000579,-0.0031,0.140499999999983));
#2150=CARTESIAN_POINT('',(0.165000000000596,-0.0031,0.122490864360739));
#2151=CARTESIAN_POINT('',(0.182992217999995,-0.0031,0.123271285999879));
#2152=CARTESIAN_POINT('',(0.182992217999995,-0.0031,0.123271285999879));
#2153=CARTESIAN_POINT('',(0.126553850377226,-0.0031,0.0599999998394128));
#2154=CARTESIAN_POINT('',(0.127289652824402,-0.0031,0.054999999999998));
#2155=CARTESIAN_POINT('',(0.127289652824402,-0.0031,0.054999999999998));
#2156=CARTESIAN_POINT('',(0.127289652824402,0.0126,0.054999999999998));
#2157=CARTESIAN_POINT('',(0.127289652824402,0.0126,0.054999999999998));
#2158=CARTESIAN_POINT('',(0.126553850377226,0.0126,0.0599999998394128));
#2159=CARTESIAN_POINT('',(0.121499999999997,0.0126,0.0599999998394128));
#2160=CARTESIAN_POINT('',(0.121499999999997,0.0126,0.0599999998394128));
#2161=CARTESIAN_POINT('',(0.121499999999997,-0.0031,0.0599999998394128));
#2162=CARTESIAN_POINT('',(0.121499999999997,-0.0031,0.0599999998394128));
#2163=CARTESIAN_POINT('',(0.126553850377226,-0.0031,0.0599999998394128));
#2164=CARTESIAN_POINT('',(0.12649999967883,-0.0031,0.05999999967883));
#2165=CARTESIAN_POINT('',(0.126499999839415,-0.0031,0.054999999999999));
#2166=CARTESIAN_POINT('',(0.126499999839415,-0.0031,0.054999999999999));
#2167=CARTESIAN_POINT('',(0.12649999967883,-0.0031,0.05999999967883));
#2168=CARTESIAN_POINT('',(0.17800061489529,-0.0031,0.0599993851047237));
#2169=CARTESIAN_POINT('',(0.182999999999997,-0.0031,0.06));
#2170=CARTESIAN_POINT('',(0.182999999999997,-0.0031,0.06));
#2171=CARTESIAN_POINT('',(0.182999999999997,0.0126,0.06));
#2172=CARTESIAN_POINT('',(0.182999999999997,0.0126,0.06));
#2173=CARTESIAN_POINT('',(0.17800061489529,0.0126,0.0599993851047237));
#2174=CARTESIAN_POINT('',(0.17800000016058,0.0126,0.054999999999997));
#2175=CARTESIAN_POINT('',(0.17800000016058,0.0126,0.054999999999997));
#2176=CARTESIAN_POINT('',(0.17800000016058,-0.0031,0.054999999999997));
#2177=CARTESIAN_POINT('',(0.17800000016058,-0.0031,0.054999999999997));
#2178=CARTESIAN_POINT('',(0.17800061489529,-0.0031,0.0599993851047237));
#2179=CARTESIAN_POINT('',(0.1655017074303,-0.0031,0.1230148053494));
#2180=CARTESIAN_POINT('',(0.1655017074303,0.0126,0.1230148053494));
#2181=CARTESIAN_POINT('',(0.182992217999995,0.0126,0.123271285999879));
#2182=CARTESIAN_POINT('',(0.182992217999995,0.0126,0.123271285999879));
#2183=CARTESIAN_POINT('',(0.1655017074303,-0.0031,0.1230148053494));
#2184=CARTESIAN_POINT('',(0.,-0.0031,0.054999999999998));
#2185=CARTESIAN_POINT('',(0.,-0.0031,0.054999999999998));
#2186=CARTESIAN_POINT('',(0.17800000032116,-0.0031,0.05999999967883));
#2187=CARTESIAN_POINT('',(0.17800000032116,-0.0031,0.05999999967883));
#2188=CARTESIAN_POINT('',(0.126553850377226,-0.0031,0.0599999998394128));
#2189=CARTESIAN_POINT('',(0.126553850377226,-0.00092721,0.0599999998394128));
#2190=CARTESIAN_POINT('',(0.126553850377226,0.01042721,0.0599999998394128));
#2191=CARTESIAN_POINT('',(0.152250000018897,-0.0031,0.0977230747310754));
#2192=CARTESIAN_POINT('',(0.17800061489529,-0.0031,0.0599993851047237));
#2193=CARTESIAN_POINT('',(0.17800061489529,-0.0031,0.054472789999998));
#2194=CARTESIAN_POINT('',(0.183527209996009,-0.0031,0.0600000648437616));
#2195=CARTESIAN_POINT('',(0.183522569812227,-0.0031,0.097726921075184));
#2196=CARTESIAN_POINT('',(0.183519426604459,-0.0031,0.123282664790819));
#2197=CARTESIAN_POINT('',(0.165000000000596,-0.0031,0.122490864360739));
#2198=CARTESIAN_POINT('',(0.165000000000596,-0.0031,0.141027209999967));
#2199=CARTESIAN_POINT('',(0.152250000018897,-0.0031,0.141027209999967));
#2200=CARTESIAN_POINT('',(0.12649999983943,-0.0031,0.141027209999967));
#2201=CARTESIAN_POINT('',(0.12649999983943,-0.0031,0.135500000160521));
#2202=CARTESIAN_POINT('',(0.120972789999998,-0.0031,0.135500000160521));
#2203=CARTESIAN_POINT('',(0.120972789999998,-0.0031,0.0599999998394128));
#2204=CARTESIAN_POINT('',(0.120972789999998,-0.0031,0.0599999998394128));
#2205=CARTESIAN_POINT('',(0.126553850377226,-0.0031,0.0599999998394128));
#2206=CARTESIAN_POINT('',(0.127327275438465,-0.0031,0.054472789999998));
#2207=CARTESIAN_POINT('',(0.152250000018897,-0.0031,0.054472789999998));
#2208=CARTESIAN_POINT('',(0.,0.0126,0.054999999999998));
#2209=CARTESIAN_POINT('',(0.,0.0126,0.054999999999998));
#2210=CARTESIAN_POINT('',(0.121499999999998,0.0126,0.));
#2211=CARTESIAN_POINT('',(0.121499999999998,0.0126,0.));
#2212=CARTESIAN_POINT('',(0.1215,0.0126,0.13550000016055));
#2213=CARTESIAN_POINT('',(0.1215,0.0126,0.13550000016055));
#2214=CARTESIAN_POINT('',(0.12649999967883,0.0126,0.1355000003211));
#2215=CARTESIAN_POINT('',(0.12649999967883,0.0126,0.1355000003211));
#2216=CARTESIAN_POINT('',(0.182999999999997,0.0126,0.06));
#2217=CARTESIAN_POINT('',(0.182999999999997,0.0126,0.06));
#2218=CARTESIAN_POINT('',(0.152250000018897,0.0126,0.0977230747310754));
#2219=CARTESIAN_POINT('',(0.17800061489529,0.0126,0.0599993851047237));
#2220=CARTESIAN_POINT('',(0.183527209996009,0.0126,0.0600000648437616));
#2221=CARTESIAN_POINT('',(0.17800061489529,0.0126,0.0544727899622025));
#2222=CARTESIAN_POINT('',(0.127466099326508,0.0126,0.054472789999998));
#2223=CARTESIAN_POINT('',(0.127327275438465,0.0126,0.054472789999998));
#2224=CARTESIAN_POINT('',(0.126553850377226,0.0126,0.0599999998394128));
#2225=CARTESIAN_POINT('',(0.120972789999998,0.0126,0.0599999998394128));
#2226=CARTESIAN_POINT('',(0.120972789999998,0.0126,0.0977230747310754));
#2227=CARTESIAN_POINT('',(0.120972789999998,0.0126,0.135500000160521));
#2228=CARTESIAN_POINT('',(0.12649999983943,0.0126,0.135500000160521));
#2229=CARTESIAN_POINT('',(0.12649999983943,0.0126,0.141027209999967));
#2230=CARTESIAN_POINT('',(0.165000000000596,0.0126,0.141027209999967));
#2231=CARTESIAN_POINT('',(0.165000000000596,0.0126,0.141027209999967));
#2232=CARTESIAN_POINT('',(0.165000000000596,0.0126,0.122490864360739));
#2233=CARTESIAN_POINT('',(0.183519426604459,0.0126,0.123282664790819));
#2234=CARTESIAN_POINT('',(0.183527209996009,0.0126,0.0600000648437616));
#2235=CARTESIAN_POINT('',(0.134164738364867,0.00628792447969317,0.118199999999967));
#2236=CARTESIAN_POINT('',(0.137637724892004,0.00628792447969317,0.118199999999967));
#2237=CARTESIAN_POINT('',(0.13069175183773,0.00628792447969317,0.118199999999967));
#2238=CARTESIAN_POINT('',(0.131356582364392,0.00435194693408914,0.118199999999967));
#2239=CARTESIAN_POINT('',(0.130738728233917,0.00240046929913691,0.118199999999967));
#2240=CARTESIAN_POINT('',(0.13418822656296,0.00240046929913691,0.118199999999967));
#2241=CARTESIAN_POINT('',(0.137637724892004,0.00240046929913692,0.118199999999967));
#2242=CARTESIAN_POINT('',(0.137637724892004,0.00434419688941504,0.118199999999967));
#2243=CARTESIAN_POINT('',(0.152250000018897,0.01042721,0.141027209999967));
#2244=CARTESIAN_POINT('',(0.12649999983943,0.01042721,0.141027209999967));
#2245=CARTESIAN_POINT('',(0.165000000000596,0.01042721,0.141027209999967));
#2246=CARTESIAN_POINT('',(0.165000000000596,0.01042721,0.122490864360739));
#2247=CARTESIAN_POINT('',(0.185692211051931,0.01042721,0.123327943049371));
#2248=CARTESIAN_POINT('',(0.185692211051931,0.011001148703631,0.123327943049371));
#2249=CARTESIAN_POINT('',(0.185223798006787,0.0121258057133275,0.123318529103231));
#2250=CARTESIAN_POINT('',(0.184085119284836,0.0126,0.123294779869035));
#2251=CARTESIAN_POINT('',(0.183519426604459,0.0126,0.123282664790819));
#2252=CARTESIAN_POINT('',(0.12649999983943,0.01042721,0.135500000160521));
#2253=CARTESIAN_POINT('',(0.120972789999983,0.01042721,0.135500000160521));
#2254=CARTESIAN_POINT('',(0.183522569812227,0.01042721,0.097726921075184));
#2255=CARTESIAN_POINT('',(0.183527209996009,0.01042721,0.0600000648437616));
#2256=CARTESIAN_POINT('',(0.120972789999998,0.01042721,0.0977499999999668));
#2257=CARTESIAN_POINT('',(0.120972789999998,0.01042721,0.0599999998394128));
#2258=CARTESIAN_POINT('',(0.17800061489529,0.01042721,0.0599993851047237));
#2259=CARTESIAN_POINT('',(0.17800061489529,0.01042721,0.0544727899622025));
#2260=CARTESIAN_POINT('',(0.126553850377226,0.01042721,0.0599999998394128));
#2261=CARTESIAN_POINT('',(0.127466099326508,0.01042721,0.052299999999998));
#2262=CARTESIAN_POINT('',(0.127466099326508,0.0110016783418066,0.052299999999998));
#2263=CARTESIAN_POINT('',(0.127439076865148,0.0121270348505771,0.0527695380858024));
#2264=CARTESIAN_POINT('',(0.127366566837035,0.0126,0.0539078358144347));
#2265=CARTESIAN_POINT('',(0.127327275438465,0.0126,0.054472789999998));
#2266=CARTESIAN_POINT('',(0.152250000018897,0.01042721,0.054472789999998));
#2267=CARTESIAN_POINT('',(0.120972789999998,-0.00092721,0.0977230747310754));
#2268=CARTESIAN_POINT('',(0.120972789999998,-0.00092721,0.0599999998394128));
#2269=CARTESIAN_POINT('',(0.120972789999998,-0.00092721,0.135500000160521));
#2270=CARTESIAN_POINT('',(0.12649999983943,-0.00092721,0.135500000160521));
#2271=CARTESIAN_POINT('',(0.12649999983943,-0.00092721,0.141027209999967));
#2272=CARTESIAN_POINT('',(0.126553850377226,-0.00092721,0.0599999998394128));
#2273=CARTESIAN_POINT('',(0.127466099326508,-0.00092721,0.052299999999998));
#2274=CARTESIAN_POINT('',(0.127466099326508,-0.00150167834180664,0.052299999999998));
#2275=CARTESIAN_POINT('',(0.127439076865146,-0.0026270348505771,0.0527695380858023));
#2276=CARTESIAN_POINT('',(0.127366566837039,-0.0031,0.053907835814435));
#2277=CARTESIAN_POINT('',(0.127327275438465,-0.0031,0.054472789999998));
#2278=CARTESIAN_POINT('',(0.145749999920013,-0.00092721,0.141027209999967));
#2279=CARTESIAN_POINT('',(0.165000000000596,-0.00092721,0.141027209999967));
#2280=CARTESIAN_POINT('',(0.152733357110899,-0.00092721,0.054472789999998));
#2281=CARTESIAN_POINT('',(0.17800061489529,-0.00092721,0.054472789999998));
#2282=CARTESIAN_POINT('',(0.165000000000596,-0.00092721,0.122490864360739));
#2283=CARTESIAN_POINT('',(0.185692211051931,-0.00092721,0.123327943049371));
#2284=CARTESIAN_POINT('',(0.185692211051931,-0.00150114870363105,0.123327943049371));
#2285=CARTESIAN_POINT('',(0.185223798006787,-0.00262580571332742,0.12331852910324));
#2286=CARTESIAN_POINT('',(0.184085119284837,-0.00310000000000001,0.123294779869023));
#2287=CARTESIAN_POINT('',(0.183519426604459,-0.0031,0.123282664790819));
#2288=CARTESIAN_POINT('',(0.17800061489529,-0.00092721,0.0599993851047237));
#2289=CARTESIAN_POINT('',(0.183527209996009,-0.00092721,0.0600000648437616));
#2290=CARTESIAN_POINT('',(0.183523315532188,-0.00092721,0.0916638703263041));
#2291=CARTESIAN_POINT('',(-0.105801993468962,-0.0447901914661175,-0.106838663582348));
#2292=CARTESIAN_POINT('',(0.121506124734879,0.0127,0.0977513026446104));
#2293=CARTESIAN_POINT('',(0.121506124734879,0.0097,0.0977513026446104));
#2294=CARTESIAN_POINT('',(0.121506124734878,0.0097,0.059994351118803));
#2295=CARTESIAN_POINT('',(0.121506124734879,0.0097,0.135508254170418));
#2296=CARTESIAN_POINT('',(0.121506124734879,0.0127,0.135508254170418));
#2297=CARTESIAN_POINT('',(0.121506124734879,0.0127,0.135508254170418));
#2298=CARTESIAN_POINT('',(0.121506124734879,0.0127,0.0977513026446104));
#2299=CARTESIAN_POINT('',(0.121506124734878,0.0127,0.059994351118803));
#2300=CARTESIAN_POINT('',(0.121506124734878,0.0127,0.059994351118803));
#2301=CARTESIAN_POINT('',(0.126498043895719,0.0127,0.135508254170418));
#2302=CARTESIAN_POINT('',(0.126498043895719,0.0097,0.135508254170418));
#2303=CARTESIAN_POINT('',(0.126499935984611,0.0097,0.140500172972679));
#2304=CARTESIAN_POINT('',(0.126499935984611,0.0127,0.140500172972679));
#2305=CARTESIAN_POINT('',(0.126499935984611,0.0127,0.140500172972679));
#2306=CARTESIAN_POINT('',(0.126498043895719,0.0127,0.135508254170418));
#2307=CARTESIAN_POINT('',(0.145784072577953,0.0127,0.140500172972679));
#2308=CARTESIAN_POINT('',(0.145784072577953,0.0097,0.140500172972679));
#2309=CARTESIAN_POINT('',(0.165068209171295,0.0097,0.140500172972679));
#2310=CARTESIAN_POINT('',(0.165068209171295,0.0127,0.140500172972679));
#2311=CARTESIAN_POINT('',(0.165068209171295,0.0127,0.140500172972679));
#2312=CARTESIAN_POINT('',(0.145784072577953,0.0127,0.140500172972679));
#2313=CARTESIAN_POINT('',(0.165775999713068,0.0127,0.123275242745876));
#2314=CARTESIAN_POINT('',(0.165775999713068,0.0097,0.123275242745876));
#2315=CARTESIAN_POINT('',(0.183015465736389,0.0097,0.123275242745876));
#2316=CARTESIAN_POINT('',(0.183015465736389,0.0127,0.123275242745876));
#2317=CARTESIAN_POINT('',(0.183015465736389,0.0127,0.123275242745876));
#2318=CARTESIAN_POINT('',(0.165775999713068,0.0127,0.123275242745876));
#2319=CARTESIAN_POINT('',(0.183015465736389,0.0127,0.09164097905159));
#2320=CARTESIAN_POINT('',(0.183015465736389,0.0097,0.09164097905159));
#2321=CARTESIAN_POINT('',(0.183015465736389,0.0097,0.0600067153573036));
#2322=CARTESIAN_POINT('',(0.183015465736389,0.0127,0.0600067153573036));
#2323=CARTESIAN_POINT('',(0.183015465736389,0.0127,0.0600067153573036));
#2324=CARTESIAN_POINT('',(0.183015465736389,0.0127,0.09164097905159));
#2325=CARTESIAN_POINT('',(0.17799423635006,0.0127,0.0600299441173638));
#2326=CARTESIAN_POINT('',(0.17799423635006,0.0097,0.0600299441173638));
#2327=CARTESIAN_POINT('',(0.17799423635006,0.0097,0.0550086610019207));
#2328=CARTESIAN_POINT('',(0.17799423635006,0.0127,0.0550086610019207));
#2329=CARTESIAN_POINT('',(0.17799423635006,0.0127,0.0550086610019207));
#2330=CARTESIAN_POINT('',(0.17799423635006,0.0127,0.0600299441173638));
#2331=CARTESIAN_POINT('',(0.152640402317047,0.0127,0.0550086610019207));
#2332=CARTESIAN_POINT('',(0.152640402317047,0.0097,0.0550086610019207));
#2333=CARTESIAN_POINT('',(0.127286568284035,0.0097,0.0550086610019207));
#2334=CARTESIAN_POINT('',(0.127286568284035,0.0127,0.0550086610019207));
#2335=CARTESIAN_POINT('',(0.127286568284035,0.0127,0.0550086610019207));
#2336=CARTESIAN_POINT('',(0.152640402317047,0.0127,0.0550086610019207));
#2337=CARTESIAN_POINT('',(0.130481243133545,0.0127,0.0749090686440468));
#2338=CARTESIAN_POINT('',(0.130481243133545,0.0097,0.0749090686440468));
#2339=CARTESIAN_POINT('',(0.130481243133545,0.0097,0.0628335773944855));
#2340=CARTESIAN_POINT('',(0.130481243133545,0.0097,0.0869845598936081));
#2341=CARTESIAN_POINT('',(0.130481243133545,0.0127,0.0628335773944855));
#2342=CARTESIAN_POINT('',(0.130481243133545,0.0127,0.0628335773944855));
#2343=CARTESIAN_POINT('',(0.130481243133545,0.0127,0.0749090686440468));
#2344=CARTESIAN_POINT('',(0.130481243133545,0.0127,0.0869845598936081));
#2345=CARTESIAN_POINT('',(0.130481243133545,0.0127,0.0869845598936081));
#2346=CARTESIAN_POINT('',(0.152228444814682,0.0127,0.0628335773944855));
#2347=CARTESIAN_POINT('',(0.152228444814682,0.0097,0.0628335773944855));
#2348=CARTESIAN_POINT('',(0.173975646495819,0.0097,0.0628335773944855));
#2349=CARTESIAN_POINT('',(0.173975646495819,0.0127,0.0628335773944855));
#2350=CARTESIAN_POINT('',(0.173975646495819,0.0127,0.0628335773944855));
#2351=CARTESIAN_POINT('',(0.152228444814682,0.0127,0.0628335773944855));
#2352=CARTESIAN_POINT('',(0.173975646495819,0.0127,0.0749090686440468));
#2353=CARTESIAN_POINT('',(0.173975646495819,0.0097,0.0749090686440468));
#2354=CARTESIAN_POINT('',(0.173975646495819,0.0097,0.0869845598936081));
#2355=CARTESIAN_POINT('',(0.173975646495819,0.0127,0.0869845598936081));
#2356=CARTESIAN_POINT('',(0.173975646495819,0.0127,0.0869845598936081));
#2357=CARTESIAN_POINT('',(0.173975646495819,0.0127,0.0749090686440468));
#2358=CARTESIAN_POINT('',(0.152228444814682,0.0127,0.0869845598936081));
#2359=CARTESIAN_POINT('',(0.152228444814682,0.0097,0.0869845598936081));
#2360=CARTESIAN_POINT('',(0.152228444814682,0.0127,0.0869845598936081));
#2361=CARTESIAN_POINT('',(0.139000549912453,0.0127,0.103957369923592));
#2362=CARTESIAN_POINT('',(0.139000549912453,0.0127,0.103957369923592));
#2363=CARTESIAN_POINT('',(0.154578460777826,0.0127,0.103957369923592));
#2364=CARTESIAN_POINT('',(0.139000549912453,0.0097,0.103957369923592));
#2365=CARTESIAN_POINT('',(0.154578460777826,0.0097,0.103957369923592));
#2366=CARTESIAN_POINT('',(0.170295596122742,0.0127,0.0971086099743843));
#2367=CARTESIAN_POINT('',(0.170295596122742,0.0127,0.0971086099743843));
#2368=CARTESIAN_POINT('',(0.173366129672174,0.0127,0.0971086099743843));
#2369=CARTESIAN_POINT('',(0.170295596122742,0.0097,0.0971086099743843));
#2370=CARTESIAN_POINT('',(0.173366129672174,0.0097,0.0971086099743843));
#2371=CARTESIAN_POINT('',(0.162931233644486,0.0127,0.105779811739922));
#2372=CARTESIAN_POINT('',(0.162931233644486,0.0127,0.105779811739922));
#2373=CARTESIAN_POINT('',(0.165786465438155,0.0127,0.105779811739922));
#2374=CARTESIAN_POINT('',(0.162931233644486,0.0097,0.105779811739922));
#2375=CARTESIAN_POINT('',(0.165786465438155,0.0097,0.105779811739922));
#2376=CARTESIAN_POINT('',(0.153299078345299,0.0127,0.124007493257523));
#2377=CARTESIAN_POINT('',(0.153299078345299,0.0127,0.124007493257523));
#2378=CARTESIAN_POINT('',(0.155989522419992,0.0127,0.124007493257523));
#2379=CARTESIAN_POINT('',(0.153299078345299,0.0097,0.124007493257523));
#2380=CARTESIAN_POINT('',(0.155989522419992,0.0097,0.124007493257523));
#2381=CARTESIAN_POINT('',(0.126546450193559,0.0127,0.0599943511188031));
#2382=CARTESIAN_POINT('',(0.126546450193559,0.0097,0.0599943511188031));
#2383=CARTESIAN_POINT('',(0.126546450193559,0.0127,0.0599943511188031));
#2384=CARTESIAN_POINT('',(0.152260795235634,0.0127,0.0977343672146599));
#2385=CARTESIAN_POINT('',(0.152260795235634,0.0097,0.0977343672146599));
#2386=CARTESIAN_POINT('',(-0.105801993468962,-0.0447901914661175,-0.106838663582348));
#2387=CARTESIAN_POINT('',(0.170274585485459,0.0396,0.0971182584762573));
#2388=CARTESIAN_POINT('',(0.170274585485459,0.0396,0.0971182584762573));
#2389=CARTESIAN_POINT('',(0.176195202125022,0.0396,0.0971182584762573));
#2390=CARTESIAN_POINT('',(0.170274585485459,0.0376,0.0971182584762573));
#2391=CARTESIAN_POINT('',(0.176195202125022,0.0376,0.0971182584762573));
#2392=CARTESIAN_POINT('',(0.161942480928157,0.0396,0.109544919007565));
#2393=CARTESIAN_POINT('',(0.161942480928157,0.0376,0.109544919007565));
#2394=CARTESIAN_POINT('',(0.170274585485459,0.0376,0.0971182584762573));
#2395=CARTESIAN_POINT('',(0.173102763515776,0.0376,0.0971182584762573));
#2396=CARTESIAN_POINT('',(0.170274585485459,0.0312,0.0971182584762573));
#2397=CARTESIAN_POINT('',(0.170274585485459,0.0312,0.0971182584762573));
#2398=CARTESIAN_POINT('',(0.173102763515776,0.0312,0.0971182584762573));
#2399=CARTESIAN_POINT('',(0.161942480928157,0.0312,0.109544919007565));
#2400=CARTESIAN_POINT('',(-0.105801993468962,-0.0689901914661175,-0.106838663582348));
#2401=CARTESIAN_POINT('',(0.153668820858001,0.0396,0.120053425431251));
#2402=CARTESIAN_POINT('',(0.153668820858001,0.0376,0.120053425431251));
#2403=CARTESIAN_POINT('',(0.149862551937428,0.0376,0.120053425431251));
#2404=CARTESIAN_POINT('',(0.157475089778575,0.0376,0.120053425431251));
#2405=CARTESIAN_POINT('',(0.149862551937428,0.0396,0.120053425431251));
#2406=CARTESIAN_POINT('',(0.149862551937428,0.0396,0.120053425431251));
#2407=CARTESIAN_POINT('',(0.153668820858001,0.0396,0.120053425431251));
#2408=CARTESIAN_POINT('',(0.157475089778575,0.0396,0.120053425431251));
#2409=CARTESIAN_POINT('',(0.157475089778575,0.0396,0.120053425431251));
#2410=CARTESIAN_POINT('',(0.149862551937428,0.0396,0.122226217637387));
#2411=CARTESIAN_POINT('',(0.149862551937428,0.0376,0.122226217637387));
#2412=CARTESIAN_POINT('',(0.147689759731293,0.0376,0.122226217637387));
#2413=CARTESIAN_POINT('',(0.147689759731293,0.0396,0.122226217637387));
#2414=CARTESIAN_POINT('',(0.147689759731293,0.0396,0.122226217637387));
#2415=CARTESIAN_POINT('',(0.149862551937428,0.0396,0.122226217637387));
#2416=CARTESIAN_POINT('',(0.147689759731293,0.0396,0.123972810804844));
#2417=CARTESIAN_POINT('',(0.147689759731293,0.0376,0.123972810804844));
#2418=CARTESIAN_POINT('',(0.147689759731293,0.0376,0.1257194039723));
#2419=CARTESIAN_POINT('',(0.147689759731293,0.0396,0.1257194039723));
#2420=CARTESIAN_POINT('',(0.147689759731293,0.0396,0.1257194039723));
#2421=CARTESIAN_POINT('',(0.147689759731293,0.0396,0.123972810804844));
#2422=CARTESIAN_POINT('',(0.149862551937429,0.0396,0.1257194039723));
#2423=CARTESIAN_POINT('',(0.149862551937429,0.0376,0.1257194039723));
#2424=CARTESIAN_POINT('',(0.149862551937428,0.0376,0.127892196178436));
#2425=CARTESIAN_POINT('',(0.149862551937428,0.0396,0.127892196178436));
#2426=CARTESIAN_POINT('',(0.149862551937428,0.0396,0.127892196178436));
#2427=CARTESIAN_POINT('',(0.149862551937429,0.0396,0.1257194039723));
#2428=CARTESIAN_POINT('',(0.153668820858001,0.0396,0.127892196178436));
#2429=CARTESIAN_POINT('',(0.153668820858001,0.0376,0.127892196178436));
#2430=CARTESIAN_POINT('',(0.157475089778575,0.0376,0.127892196178436));
#2431=CARTESIAN_POINT('',(0.157475089778575,0.0396,0.127892196178436));
#2432=CARTESIAN_POINT('',(0.157475089778575,0.0396,0.127892196178436));
#2433=CARTESIAN_POINT('',(0.153668820858001,0.0396,0.127892196178436));
#2434=CARTESIAN_POINT('',(0.157475089778575,0.0396,0.1257194039723));
#2435=CARTESIAN_POINT('',(0.157475089778575,0.0376,0.1257194039723));
#2436=CARTESIAN_POINT('',(0.15964788198471,0.0376,0.1257194039723));
#2437=CARTESIAN_POINT('',(0.15964788198471,0.0396,0.1257194039723));
#2438=CARTESIAN_POINT('',(0.15964788198471,0.0396,0.1257194039723));
#2439=CARTESIAN_POINT('',(0.157475089778575,0.0396,0.1257194039723));
#2440=CARTESIAN_POINT('',(0.15964788198471,0.0396,0.123972810804844));
#2441=CARTESIAN_POINT('',(0.15964788198471,0.0376,0.123972810804844));
#2442=CARTESIAN_POINT('',(0.15964788198471,0.0376,0.122226217637387));
#2443=CARTESIAN_POINT('',(0.15964788198471,0.0396,0.122226217637387));
#2444=CARTESIAN_POINT('',(0.15964788198471,0.0396,0.122226217637387));
#2445=CARTESIAN_POINT('',(0.15964788198471,0.0396,0.123972810804844));
#2446=CARTESIAN_POINT('',(0.157475089778575,0.0396,0.122226217637387));
#2447=CARTESIAN_POINT('',(0.157475089778575,0.0376,0.122226217637387));
#2448=CARTESIAN_POINT('',(0.157475089778575,0.0396,0.122226217637387));
#2449=CARTESIAN_POINT('',(0.161942480928157,0.0396,0.109544919007565));
#2450=CARTESIAN_POINT('',(0.161942480928157,0.0376,0.109544919007565));
#2451=CARTESIAN_POINT('',(0.153392031788826,0.0376,0.124022729694843));
#2452=CARTESIAN_POINT('',(0.156000655893232,0.0376,0.124022729694843));
#2453=CARTESIAN_POINT('',(0.153392031788826,0.0312,0.124022729694843));
#2454=CARTESIAN_POINT('',(0.153392031788826,0.0312,0.124022729694843));
#2455=CARTESIAN_POINT('',(0.156000655893232,0.0312,0.124022729694843));
#2456=CARTESIAN_POINT('',(0.161942480928157,0.0312,0.109544919007565));
#2457=CARTESIAN_POINT('',(-0.105801993468962,-0.0689901914661175,-0.106838663582348));
#2458=CARTESIAN_POINT('',(0.162910878658295,0.0396,0.105844736099243));
#2459=CARTESIAN_POINT('',(0.162910878658295,0.0396,0.105844736099243));
#2460=CARTESIAN_POINT('',(0.167123178704191,0.0396,0.105844736099243));
#2461=CARTESIAN_POINT('',(0.162910878658295,0.0376,0.105844736099243));
#2462=CARTESIAN_POINT('',(0.167123178704191,0.0376,0.105844736099243));
#2463=CARTESIAN_POINT('',(0.161942480928157,0.0396,0.109544919007565));
#2464=CARTESIAN_POINT('',(0.161942480928157,0.0376,0.109544919007565));
#2465=CARTESIAN_POINT('',(0.162910878658295,0.0376,0.105844736099243));
#2466=CARTESIAN_POINT('',(0.165669352370565,0.0376,0.105844736099243));
#2467=CARTESIAN_POINT('',(0.162910878658295,0.0312,0.105844736099243));
#2468=CARTESIAN_POINT('',(0.162910878658295,0.0312,0.105844736099243));
#2469=CARTESIAN_POINT('',(0.165669352370565,0.0312,0.105844736099243));
#2470=CARTESIAN_POINT('',(0.161942480928157,0.0312,0.109544919007565));
#2471=CARTESIAN_POINT('',(-0.105801993468962,-0.0689901914661175,-0.106838663582348));
#2472=MECHANICAL_DESIGN_GEOMETRIC_PRESENTATION_REPRESENTATION('',(#1396,
#1397,#1398,#1399,#1400),#2473);
#2473=(
GEOMETRIC_REPRESENTATION_CONTEXT(3)
GLOBAL_UNCERTAINTY_ASSIGNED_CONTEXT((#2479))
GLOBAL_UNIT_ASSIGNED_CONTEXT((#2487,#2486,#2485))
REPRESENTATION_CONTEXT('Assembly 1','TOP_LEVEL_ASSEMBLY_PART')
);
#2474=(
GEOMETRIC_REPRESENTATION_CONTEXT(3)
GLOBAL_UNCERTAINTY_ASSIGNED_CONTEXT((#2480))
GLOBAL_UNIT_ASSIGNED_CONTEXT((#2487,#2486,#2485))
REPRESENTATION_CONTEXT('Part 78','COMPONENT_PART')
);
#2475=(
GEOMETRIC_REPRESENTATION_CONTEXT(3)
GLOBAL_UNCERTAINTY_ASSIGNED_CONTEXT((#2481))
GLOBAL_UNIT_ASSIGNED_CONTEXT((#2487,#2486,#2485))
REPRESENTATION_CONTEXT('Part 79','COMPONENT_PART')
);
#2476=(
GEOMETRIC_REPRESENTATION_CONTEXT(3)
GLOBAL_UNCERTAINTY_ASSIGNED_CONTEXT((#2482))
GLOBAL_UNIT_ASSIGNED_CONTEXT((#2487,#2486,#2485))
REPRESENTATION_CONTEXT('Part 81','COMPONENT_PART')
);
#2477=(
GEOMETRIC_REPRESENTATION_CONTEXT(3)
GLOBAL_UNCERTAINTY_ASSIGNED_CONTEXT((#2483))
GLOBAL_UNIT_ASSIGNED_CONTEXT((#2487,#2486,#2485))
REPRESENTATION_CONTEXT('Part 82','COMPONENT_PART')
);
#2478=(
GEOMETRIC_REPRESENTATION_CONTEXT(3)
GLOBAL_UNCERTAINTY_ASSIGNED_CONTEXT((#2484))
GLOBAL_UNIT_ASSIGNED_CONTEXT((#2487,#2486,#2485))
REPRESENTATION_CONTEXT('Part 80','COMPONENT_PART')
);
#2479=UNCERTAINTY_MEASURE_WITH_UNIT(LENGTH_MEASURE(1.E-8),#2487,
'DISTANCE_ACCURACY_VALUE','Maximum Tolerance applied to model');
#2480=UNCERTAINTY_MEASURE_WITH_UNIT(LENGTH_MEASURE(2.E-5),#2487,
'DISTANCE_ACCURACY_VALUE','Maximum Tolerance applied to model');
#2481=UNCERTAINTY_MEASURE_WITH_UNIT(LENGTH_MEASURE(1.E-8),#2487,
'DISTANCE_ACCURACY_VALUE','Maximum Tolerance applied to model');
#2482=UNCERTAINTY_MEASURE_WITH_UNIT(LENGTH_MEASURE(1.E-8),#2487,
'DISTANCE_ACCURACY_VALUE','Maximum Tolerance applied to model');
#2483=UNCERTAINTY_MEASURE_WITH_UNIT(LENGTH_MEASURE(1.E-8),#2487,
'DISTANCE_ACCURACY_VALUE','Maximum Tolerance applied to model');
#2484=UNCERTAINTY_MEASURE_WITH_UNIT(LENGTH_MEASURE(1.E-8),#2487,
'DISTANCE_ACCURACY_VALUE','Maximum Tolerance applied to model');
#2485=(
NAMED_UNIT(*)
SI_UNIT($,.STERADIAN.)
SOLID_ANGLE_UNIT()
);
#2486=(
NAMED_UNIT(*)
PLANE_ANGLE_UNIT()
SI_UNIT($,.RADIAN.)
);
#2487=(
LENGTH_UNIT()
NAMED_UNIT(*)
SI_UNIT($,.METRE.)
);
#2488=PRODUCT_DEFINITION_SHAPE('','',#2499);
#2489=PRODUCT_DEFINITION_SHAPE('','',#2500);
#2490=PRODUCT_DEFINITION_SHAPE(' ','NAUO PRDDFN',#15);
#2491=PRODUCT_DEFINITION_SHAPE('','',#2501);
#2492=PRODUCT_DEFINITION_SHAPE(' ','NAUO PRDDFN',#16);
#2493=PRODUCT_DEFINITION_SHAPE('','',#2502);
#2494=PRODUCT_DEFINITION_SHAPE(' ','NAUO PRDDFN',#17);
#2495=PRODUCT_DEFINITION_SHAPE('','',#2503);
#2496=PRODUCT_DEFINITION_SHAPE(' ','NAUO PRDDFN',#18);
#2497=PRODUCT_DEFINITION_SHAPE('','',#2504);
#2498=PRODUCT_DEFINITION_SHAPE(' ','NAUO PRDDFN',#19);
#2499=PRODUCT_DEFINITION('','',#2511,#2505);
#2500=PRODUCT_DEFINITION('','',#2512,#2506);
#2501=PRODUCT_DEFINITION('','',#2513,#2507);
#2502=PRODUCT_DEFINITION('','',#2514,#2508);
#2503=PRODUCT_DEFINITION('','',#2515,#2509);
#2504=PRODUCT_DEFINITION('','',#2516,#2510);
#2505=PRODUCT_DEFINITION_CONTEXT('',#2542,'design');
#2506=PRODUCT_DEFINITION_CONTEXT('',#2542,'design');
#2507=PRODUCT_DEFINITION_CONTEXT('',#2542,'design');
#2508=PRODUCT_DEFINITION_CONTEXT('',#2542,'design');
#2509=PRODUCT_DEFINITION_CONTEXT('',#2542,'design');
#2510=PRODUCT_DEFINITION_CONTEXT('',#2542,'design');
#2511=PRODUCT_DEFINITION_FORMATION_WITH_SPECIFIED_SOURCE('','',#2523,
 .NOT_KNOWN.);
#2512=PRODUCT_DEFINITION_FORMATION_WITH_SPECIFIED_SOURCE('','',#2524,
 .NOT_KNOWN.);
#2513=PRODUCT_DEFINITION_FORMATION_WITH_SPECIFIED_SOURCE('','',#2525,
 .NOT_KNOWN.);
#2514=PRODUCT_DEFINITION_FORMATION_WITH_SPECIFIED_SOURCE('','',#2526,
 .NOT_KNOWN.);
#2515=PRODUCT_DEFINITION_FORMATION_WITH_SPECIFIED_SOURCE('','',#2527,
 .NOT_KNOWN.);
#2516=PRODUCT_DEFINITION_FORMATION_WITH_SPECIFIED_SOURCE('','',#2528,
 .NOT_KNOWN.);
#2517=PRODUCT_RELATED_PRODUCT_CATEGORY('','',(#2523));
#2518=PRODUCT_RELATED_PRODUCT_CATEGORY('','',(#2524));
#2519=PRODUCT_RELATED_PRODUCT_CATEGORY('','',(#2525));
#2520=PRODUCT_RELATED_PRODUCT_CATEGORY('','',(#2526));
#2521=PRODUCT_RELATED_PRODUCT_CATEGORY('','',(#2527));
#2522=PRODUCT_RELATED_PRODUCT_CATEGORY('','',(#2528));
#2523=PRODUCT('Assembly 1','Assembly 1','Assembly 1',(#2535));
#2524=PRODUCT('Part 78','Part 78','Part 78',(#2536));
#2525=PRODUCT('Part 79','Part 79','Part 79',(#2537));
#2526=PRODUCT('Part 81','Part 81','Part 81',(#2538));
#2527=PRODUCT('Part 82','Part 82','Part 82',(#2539));
#2528=PRODUCT('Part 80','Part 80','Part 80',(#2540));
#2529=PRODUCT_CATEGORY('','');
#2530=PRODUCT_CATEGORY('','');
#2531=PRODUCT_CATEGORY('','');
#2532=PRODUCT_CATEGORY('','');
#2533=PRODUCT_CATEGORY('','');
#2534=PRODUCT_CATEGORY('','');
#2535=PRODUCT_CONTEXT('',#2542,'mechanical');
#2536=PRODUCT_CONTEXT('',#2542,'mechanical');
#2537=PRODUCT_CONTEXT('',#2542,'mechanical');
#2538=PRODUCT_CONTEXT('',#2542,'mechanical');
#2539=PRODUCT_CONTEXT('',#2542,'mechanical');
#2540=PRODUCT_CONTEXT('',#2542,'mechanical');
#2541=APPLICATION_PROTOCOL_DEFINITION('international standard',
'ap242_managed_model_based_3d_engineering',2020,#2542);
#2542=APPLICATION_CONTEXT('managed model based 3d engineering');
ENDSEC;
END-ISO-10303-21;
